step,reward,actor_loss,critic_loss,hypergradient,final_product,cosine_similarities
1,-0.6756756901741028,0.0016623293049633503,0.0632394403219223,0.03726024180650711,2.5406136046512984e-05,1.0
2001,-0.5675675868988037,0.00018811036716215312,0.06983879208564758,0.03485453501343727,3.5635959648061544e-05,1.0
4001,-0.7117117047309875,-0.0008853664621710777,0.05279574170708656,0.02128220908343792,1.988879193959292e-05,0.9999998807907104
6001,-0.5585585832595825,-0.0019039956387132406,0.07046829164028168,0.04568042233586311,2.5281797206844203e-05,1.0
8001,-0.4954954981803894,2.3200036594062112e-05,0.07647647708654404,0.039186105132102966,1.5121494470804464e-05,1.0000001192092896
10001,-0.531531572341919,-0.008978745900094509,0.06388653069734573,0.06122476980090141,2.5911143893608823e-05,1.0
12001,-0.531531572341919,-0.004615109879523516,0.07773187756538391,0.03369341045618057,2.4275479518109933e-05,0.9999998807907104
14001,-0.5675675868988037,-0.002416618401184678,0.06878717243671417,0.03344523534178734,4.659378464566544e-05,1.0
16001,-0.5855855941772461,0.001121319830417633,0.06533165276050568,0.03942672163248062,9.137437155004591e-05,1.0
18001,-0.5585585832595825,-0.009666863828897476,0.061684779822826385,0.04678080603480339,5.133103513799142e-06,1.0000001192092896
20001,-0.5675675868988037,-0.008114922791719437,0.06727416813373566,0.045701343566179276,1.101404723158339e-05,-1.0
22001,-0.6666666865348816,-0.009187371470034122,0.057811036705970764,0.03824085369706154,3.905664982539747e-07,1.0000001192092896
24001,-0.6036036014556885,-0.015655530616641045,0.05973241105675697,0.07035594433546066,9.542621910441085e-07,1.0000001192092896
26001,-0.5855855941772461,-0.012426863424479961,0.0623747855424881,0.0488542802631855,8.254499448412389e-07,0.9999998211860657
28001,-0.46846848726272583,-0.010714421048760414,0.06917908042669296,0.03822889178991318,6.765490525140194e-06,-1.0000001192092896
30001,-0.522522509098053,-0.015951870009303093,0.06743305921554565,0.047512613236904144,1.966244099094183e-06,-0.9999998807907104
32001,-0.5045045018196106,-0.02201533131301403,0.07951387763023376,0.06304771453142166,3.130443246845971e-06,-1.0000001192092896
34001,-0.5675675868988037,-0.024416200816631317,0.07643148303031921,0.06724094599485397,1.3734932053921511e-06,-1.0
36001,-0.46846848726272583,-0.015347134321928024,0.06901144981384277,0.04397788643836975,6.994102932367241e-06,-1.0000001192092896
38001,-0.531531572341919,-0.024512983858585358,0.0750514566898346,0.06213036924600601,1.183350741484901e-05,-1.0
40001,-0.3963963985443115,-0.018093913793563843,0.077009417116642,0.04809616878628731,1.923246782098431e-05,-1.0
42001,-0.46846848726272583,-0.03445771336555481,0.07997715473175049,0.08139100670814514,6.414784365915693e-07,-0.9999999403953552
44001,-0.5855855941772461,-0.01747392863035202,0.071440190076828,0.05946066230535507,4.297213251902576e-08,-1.0000001192092896
46001,-0.5135135054588318,-0.0306783989071846,0.06966301798820496,0.07534579187631607,2.7107273581350455e-06,1.0
48001,-0.531531572341919,-0.025312229990959167,0.06971912831068039,0.06073508784174919,1.1383222954464145e-05,0.9999998807907104
50001,-0.5945945978164673,-0.028085850179195404,0.04853203147649765,0.0680079311132431,2.3752953381972475e-07,-1.0000001192092896
52001,-0.5405405759811401,-0.05441395565867424,0.05969357490539551,0.12225036323070526,1.45466884760026e-07,-1.0000001192092896
54001,-0.5585585832595825,-0.04278489947319031,0.05317937955260277,0.08537024259567261,1.0038926120614633e-05,1.0
56001,-0.46846848726272583,-0.026711635291576385,0.06729305535554886,0.07182122021913528,1.0492106412129942e-05,-1.0
58001,-0.531531572341919,-0.0059234946966171265,0.06695129722356796,0.08628183603286743,8.163769052771386e-06,-0.9999999403953552
60001,-0.45945948362350464,-0.006001604255288839,0.0685865730047226,0.11197690665721893,4.0575654566055164e-05,-1.0000001192092896
62001,-0.531531572341919,-0.010943969711661339,0.051735393702983856,0.1029486283659935,3.241656031605089e-06,1.0000001192092896
64001,-0.531531572341919,-0.012171219103038311,0.06311485171318054,0.09620756655931473,7.326030299736885e-06,-1.0
66001,-0.5675675868988037,-0.02832826040685177,0.06163019686937332,0.08833925426006317,1.2236362636031117e-05,-1.0000001192092896
68001,-0.44144144654273987,-0.035707756876945496,0.06283890455961227,0.0974775105714798,4.7815094148973e-05,-1.0
70001,-0.38738739490509033,-0.03637656942009926,0.06539522111415863,0.08032916486263275,8.30852150102146e-06,-0.9999998211860657
72001,-0.477477490901947,-0.04383831471204758,0.05495516583323479,0.08124735951423645,1.5167654055403545e-05,-1.0
74001,-0.45045045018196106,-0.04624416306614876,0.0854346752166748,0.10330501198768616,5.061912816017866e-05,-1.0000001192092896
76001,-0.3963963985443115,-0.03773028030991554,0.06569109112024307,0.11324071139097214,1.0984130227598143e-07,0.9999999403953552
78001,-0.477477490901947,-0.043327316641807556,0.07444040477275848,0.10865675657987595,2.4028609914239496e-05,-1.0
80001,-0.3333333432674408,-0.04772339016199112,0.07013310492038727,0.10646610707044601,2.5173987523885444e-05,-1.0
82001,-0.4054054021835327,-0.04822308570146561,0.06104522570967674,0.11966895312070847,3.381184069439769e-05,-0.9999999403953552
84001,-0.4324324429035187,-0.02289540506899357,0.07116980105638504,0.1504654884338379,5.6698576372582465e-05,-1.0
86001,-0.4234234392642975,-0.042900681495666504,0.06840450316667557,0.13333992660045624,1.649314071983099e-05,-0.9999998807907104
88001,-0.2522522509098053,-0.04020111262798309,0.061436932533979416,0.12246982753276825,7.485492915293435e-06,-1.0000001192092896
90001,-0.3243243396282196,-0.027287354692816734,0.05883621796965599,0.15381009876728058,1.6694799342076294e-05,-1.0000001192092896
92001,-0.3153153359889984,-0.02973966859281063,0.06748953461647034,0.1507842093706131,7.643345452379435e-05,-0.9999999403953552
94001,-0.27027028799057007,-0.05818071961402893,0.08281861990690231,0.13357292115688324,7.338116847677156e-05,-1.0
96001,-0.30630630254745483,-0.06017259508371353,0.08282658457756042,0.14679187536239624,2.7431990019977093e-05,-1.0000001192092896
98001,-0.2612612545490265,-0.06063229590654373,0.06708163022994995,0.1566723883152008,2.814937943185214e-06,0.9999998807907104
100001,-0.3243243396282196,-0.06299343705177307,0.06784343719482422,0.1371832937002182,4.373901174403727e-05,-1.0000001192092896
102001,-0.4054054021835327,-0.03264521434903145,0.06453508138656616,0.20500820875167847,3.080596434301697e-05,1.0000001192092896
104001,-0.28828829526901245,-0.046386461704969406,0.06686350703239441,0.14683562517166138,5.024716301704757e-05,-1.0000001192092896
106001,-0.36036038398742676,-0.06148054823279381,0.06756030768156052,0.14147470891475677,2.7967809728579596e-05,1.0000001192092896
108001,-0.28828829526901245,-0.08135585486888885,0.07828956842422485,0.14834927022457123,1.721085027384106e-05,-0.9999999403953552
110001,-0.19819819927215576,-0.0909629687666893,0.06679566204547882,0.15357191860675812,3.087525692535564e-05,-0.9999999403953552
112001,-0.2612612545490265,-0.0773414820432663,0.06591913104057312,0.14747168123722076,6.294114427873865e-06,-1.0000001192092896
114001,-0.15315315127372742,-0.06846840679645538,0.0794108584523201,0.14634567499160767,0.00010233771899947897,-1.0
116001,-0.171171173453331,-0.09835056960582733,0.07398523390293121,0.17060168087482452,1.1229099982301705e-05,-1.0000001192092896
118001,-0.1621621698141098,-0.06970235705375671,0.0764147937297821,0.1636393815279007,9.398168185725808e-05,-1.0
120001,-0.054054055362939835,-0.07453034818172455,0.08423066139221191,0.1679488718509674,0.00014948124589864165,-1.0000001192092896
122001,-0.19819819927215576,-0.08978485316038132,0.07489955425262451,0.1500236839056015,3.172054857714102e-05,1.0000001192092896
124001,-0.054054055362939835,-0.06762009114027023,0.08041150122880936,0.17155466973781586,4.8743509978521615e-05,-0.9999999403953552
126001,-0.14414414763450623,-0.09051103889942169,0.07517818361520767,0.17125391960144043,3.0984504064690555e-06,-1.0
128001,-0.06306306272745132,-0.10505887120962143,0.08215899765491486,0.18678173422813416,5.929031613050029e-05,-0.9999999403953552
130001,-0.11711712181568146,-0.10300657153129578,0.08507023006677628,0.16859465837478638,1.7493995983386412e-05,1.0000001192092896
132001,-0.054054055362939835,-0.10887649655342102,0.08398491889238358,0.21321380138397217,1.3992516869620886e-05,-1.0000001192092896
134001,0.0,-0.12364061921834946,0.08217314630746841,0.182273268699646,2.0262512407498434e-05,-1.0000001192092896
136001,0.027027027681469917,-0.11793959140777588,0.07573464512825012,0.17832961678504944,2.6437677661306225e-05,-1.0
138001,0.027027027681469917,-0.12745676934719086,0.0889301672577858,0.21667027473449707,0.00014008338621351868,-1.0
140001,0.036036036908626556,-0.12285131961107254,0.06774406880140305,0.18529090285301208,3.471611489658244e-05,-1.0
142001,0.09009009599685669,-0.1334811896085739,0.07451051473617554,0.19819490611553192,7.583301339764148e-05,-1.0
144001,0.009009009227156639,-0.143926203250885,0.10412134975194931,0.23511308431625366,4.691558388003614e-06,0.9999998807907104
146001,0.054054055362939835,-0.1624104082584381,0.08585517108440399,0.25363975763320923,7.551343878731132e-05,-1.0
148001,0.20720721781253815,-0.14945387840270996,0.07993457466363907,0.22890257835388184,0.0001433141005691141,-1.0000001192092896
150001,0.036036036908626556,-0.1600174754858017,0.08923492580652237,0.27238452434539795,1.9645982320071198e-05,0.9999999403953552
152001,0.2432432472705841,-0.14305149018764496,0.08425378799438477,0.2620479464530945,0.000124557496747002,-1.0000001192092896
154001,0.3153153359889984,-0.16310837864875793,0.08171269297599792,0.27470365166664124,0.00029109729803167284,-1.0000001192092896
156001,0.171171173453331,-0.19688956439495087,0.08073277771472931,0.2767952084541321,9.198794941767119e-06,1.0
158001,0.30630630254745483,-0.14495977759361267,0.07965901494026184,0.24710743129253387,5.8037403505295515e-05,-1.0
160001,0.3153153359889984,-0.20935727655887604,0.07984907180070877,0.3028569519519806,0.00013492017751559615,-0.9999998807907104
162001,0.3513513505458832,-0.18449696898460388,0.0794249176979065,0.27164387702941895,4.648912727134302e-05,-1.0000001192092896
164001,0.18918919563293457,-0.23528282344341278,0.09236528724431992,0.33248671889305115,5.7321776694152504e-05,1.0000001192092896
166001,0.342342346906662,-0.2179311066865921,0.08743904531002045,0.2972967326641083,4.739553332910873e-05,-1.000000238418579
168001,0.522522509098053,-0.23558233678340912,0.07313725352287292,0.308152437210083,9.586880332790315e-05,-0.9999999403953552
170001,0.4144144356250763,-0.23766957223415375,0.07524237781763077,0.30525892972946167,9.316426439909264e-05,-1.0000001192092896
172001,0.6486486792564392,-0.1940092295408249,0.05800257995724678,0.28755033016204834,0.00017422127712052315,-1.0
174001,0.5045045018196106,-0.23389528691768646,0.06841260194778442,0.2801429331302643,9.21587270568125e-05,-1.0
176001,0.5675675868988037,-0.2554853558540344,0.06399469822645187,0.2833535969257355,4.8489091568626463e-05,-1.0000001192092896
178001,0.5855855941772461,-0.23468218743801117,0.06742380559444427,0.27494674921035767,3.894228575518355e-05,-1.0
180001,0.6126126050949097,-0.2760280966758728,0.05627232417464256,0.2936798334121704,6.159594340715557e-05,-1.000000238418579
182001,0.6216216087341309,-0.25126200914382935,0.0627412497997284,0.3295527696609497,0.00010787267819978297,-1.0
184001,0.7477477788925171,-0.21351651847362518,0.046175502240657806,0.2407027631998062,0.00011383947276044637,-1.0
186001,0.684684693813324,-0.281880646944046,0.04928122088313103,0.31248539686203003,2.689077336981427e-05,-0.9999998807907104
188001,0.7387387752532959,-0.25456640124320984,0.04441007226705551,0.27718836069107056,6.634408055106178e-05,-1.0
190001,0.7837837934494019,-0.23957513272762299,0.039399515837430954,0.2720731794834137,9.111074905376881e-05,-1.0
192001,0.7477477788925171,-0.23659421503543854,0.039708513766527176,0.3179779052734375,4.459923366084695e-05,-1.0000001192092896
194001,0.9099099040031433,-0.20698529481887817,0.017964202910661697,0.23896458745002747,9.403523290529847e-05,-1.0
196001,0.7747747898101807,-0.20621900260448456,0.0325130969285965,0.27894753217697144,7.955881301313639e-05,-0.9999999403953552
198001,0.8918918967247009,-0.1780896633863449,0.02538200281560421,0.26096028089523315,4.9251015298068523e-05,-1.0
200001,0.8288288712501526,-0.22919394075870514,0.027070144191384315,0.28537651896476746,4.6874702093191445e-05,-0.9999998807907104
202001,0.8198198676109314,-0.19060727953910828,0.02413974329829216,0.4168652296066284,2.1913740056334063e-05,-0.9999999403953552
204001,0.8018018007278442,-0.2691948413848877,0.03644784167408943,0.40529316663742065,4.292571611586027e-05,-1.0
206001,0.954954981803894,-0.0836978629231453,0.01435517892241478,0.2343825101852417,5.82220709475223e-05,-0.9999999403953552
208001,0.8828828930854797,-0.2583787441253662,0.02510078251361847,0.31832388043403625,1.9069841073360294e-05,-0.9999999403953552
210001,0.8918918967247009,-0.18178677558898926,0.01929032988846302,0.24111630022525787,1.7612817828194238e-05,-1.0000001192092896
212001,0.8828828930854797,-0.21482767164707184,0.019814815372228622,0.2967109978199005,1.9462569980532862e-05,-1.0000001192092896
214001,0.8918918967247009,-0.2804464101791382,0.02263135276734829,0.2951817810535431,3.5055181797361e-06,-1.0
216001,0.9189189672470093,-0.22280548512935638,0.015338903293013573,0.25837650895118713,1.1970612831646577e-05,-1.0000001192092896
218001,0.9369369745254517,-0.17187872529029846,0.010194229893386364,0.30990418791770935,1.3070421118754894e-05,-0.9999998807907104
220001,0.9009009003639221,-0.23164573311805725,0.020119324326515198,0.2526979446411133,1.3993876564200036e-05,-1.0
222001,0.9189189672470093,-0.22330382466316223,0.015114746987819672,0.309982568025589,9.991643310058862e-06,-0.9999999403953552
224001,0.9189189672470093,-0.20359326899051666,0.014827110804617405,0.27280518412590027,1.6004223652998917e-05,-1.0
226001,0.954954981803894,-0.1468198001384735,0.00970752164721489,0.23063363134860992,9.005142601381522e-06,-1.0000001192092896
228001,0.9459459781646729,-0.16928046941757202,0.01135289017111063,0.23175500333309174,7.1368226599588525e-06,-1.0
230001,0.954954981803894,-0.1303282529115677,0.009125170297920704,0.24297496676445007,6.590734756173333e-06,-1.0
232001,0.9819819927215576,-0.12077049911022186,0.004109186585992575,0.2879112958908081,8.950305527832825e-06,-1.0
234001,0.9819819927215576,-0.098921999335289,0.00398976169526577,0.1760035753250122,5.74571004108293e-06,-0.9999998211860657
236001,0.9459459781646729,-0.18120448291301727,0.010850819759070873,0.2735184133052826,4.109147994313389e-06,-1.0000001192092896
238001,0.954954981803894,-0.18392585217952728,0.009165683761239052,0.30338236689567566,5.9817048168042675e-06,-1.0000001192092896
240001,0.9639639854431152,-0.22423778474330902,0.008157003670930862,0.21356768906116486,2.676401436474407e-06,1.0000001192092896
242001,0.9819819927215576,-0.14112593233585358,0.004179874435067177,0.2850039303302765,5.333761237125145e-06,-0.9999999403953552
244001,0.9729729890823364,-0.15473897755146027,0.00423441780731082,0.1960323601961136,2.1773628304799786e-06,-0.9999998211860657
246001,0.9729729890823364,-0.1351596713066101,0.00569963688030839,0.20851148664951324,1.680832951933553e-06,-1.0
248001,0.9819819927215576,-0.16808117926120758,0.003968339879065752,0.28570544719696045,1.294911726290593e-06,-1.0
250001,0.9729729890823364,-0.14385516941547394,0.005669343285262585,0.21019749343395233,1.679471779425512e-06,-0.9999999403953552
252001,0.9909909963607788,-0.10477091372013092,0.0011473465710878372,0.16678334772586823,1.9049508637181134e-06,-0.9999999403953552
254001,0.9909909963607788,-0.09520122408866882,0.00208458723500371,0.12834268808364868,1.2154662272223504e-06,-1.0000001192092896
256001,1.0,-0.08306461572647095,0.00020175879762973636,0.30269789695739746,4.763629476656206e-06,-1.0
258001,0.9909909963607788,-0.1690026819705963,0.0020759026519954205,0.4692750871181488,2.053898697340628e-06,-1.0000001192092896
260001,0.9819819927215576,-0.13648076355457306,0.003933452535420656,0.1824726164340973,1.0466847015777603e-06,1.0
262001,0.9909909963607788,-0.16401496529579163,0.0013418154558166862,0.4263933300971985,1.6298793070745887e-06,-0.9999999403953552
264001,0.9909909963607788,-0.10337503254413605,0.001992214936763048,0.1680278182029724,5.072719773124845e-07,-1.0
266001,0.9909909963607788,-0.16916489601135254,0.0020816780161112547,0.2873346507549286,1.2074484629920335e-06,-1.000000238418579
268001,1.0,-0.06504449993371964,6.783818389521912e-05,0.20946718752384186,1.1189682709300541e-06,-1.0000001192092896
270001,0.9909909963607788,-0.11554081737995148,0.002005484886467457,0.16308696568012238,3.5647994423015916e-07,-1.0000001192092896
272001,0.9909909963607788,-0.20213602483272552,0.002008134964853525,0.2899598479270935,2.658425728441216e-07,-0.9999998807907104
274001,1.0,-0.0314534567296505,7.219185499707237e-05,0.17812855541706085,1.5887352446952718e-06,-0.9999998807907104
276001,1.0,-0.07232986390590668,8.437796350335702e-05,0.23503053188323975,1.0241415111522656e-06,-1.0
278001,0.9819819927215576,-0.1735985279083252,0.0028817313723266125,0.48343607783317566,1.6337836541424622e-06,1.0000001192092896
280001,0.9819819927215576,-0.17646799981594086,0.0038800009060651064,0.4423852264881134,1.6459307516925037e-06,0.9999998211860657
282001,0.9909909963607788,-0.1157330647110939,0.00202188640832901,0.14885443449020386,4.1215920987269783e-07,-1.0
284001,0.9909909963607788,-0.12694866955280304,0.001995939528569579,0.16483372449874878,1.1600602789485492e-07,-1.0
286001,1.0,-0.026593245565891266,5.577256524702534e-05,0.055509939789772034,2.336036004635389e-07,-0.9999999403953552
288001,0.9909909963607788,-0.1205088198184967,0.0019812057726085186,0.15189580619335175,6.361469928606311e-08,1.0
290001,1.0,-0.11714383214712143,3.6449106119107455e-05,0.16706091165542603,8.175649099939619e-07,-1.0000001192092896
292001,1.0,-0.08448237925767899,2.561483415775001e-05,0.22081637382507324,8.094000349956332e-07,-1.0
294001,1.0,-0.0521104596555233,1.6302608855767176e-05,0.10937929153442383,4.029944875583169e-07,-0.9999999403953552
296001,0.9909909963607788,-0.13362303376197815,0.001985739916563034,0.15514947474002838,2.273735510982533e-08,1.000000238418579
298001,0.9909909963607788,-0.13008521497249603,0.0019730909261852503,0.15719659626483917,1.0205135225760387e-07,-0.9999999403953552
300001,1.0,-0.022667573764920235,3.1170930014923215e-05,0.0702432245016098,3.372766457232501e-07,-1.0
302001,1.0,0.0004134202317800373,1.6667981981299818e-05,0.09528905898332596,2.0176756265755103e-07,-1.0
304001,1.0,-0.03641840070486069,1.2851427527493797e-05,0.2323220819234848,3.7579283684863185e-07,-1.0
306001,1.0,-0.009936947375535965,9.326357940153684e-06,0.13394905626773834,2.3944951976773154e-07,-1.0
308001,1.0,-0.08137428760528564,1.458239603380207e-05,0.12323097139596939,1.625961800755249e-07,-1.0
310001,1.0,-0.02418370358645916,9.086661520996131e-06,0.1583423912525177,3.3712038316480175e-07,-1.0
312001,1.0,0.010802755132317543,7.658345566596836e-06,0.11449383199214935,1.6648363043714198e-07,-1.0
314001,1.0,-0.05899287760257721,1.1591239854169544e-05,0.1262485831975937,1.3961067679701955e-07,-1.0000001192092896
316001,0.9909909963607788,-0.14226976037025452,0.001982080517336726,0.1721031665802002,6.024284289196657e-07,0.9999999403953552
318001,1.0,-0.01992892101407051,1.6690912161720917e-05,0.10263728350400925,1.6223127374814794e-07,-0.9999998807907104
320001,1.0,-0.07112612575292587,1.4546487363986671e-05,0.08662606030702591,5.44390488244062e-08,-1.0
322001,1.0,-0.03902797773480415,8.254999556811526e-06,0.19823287427425385,7.616494457352019e-08,-1.0000001192092896
324001,1.0,-0.016398148611187935,5.564744697039714e-06,0.07792726159095764,6.57367777989748e-08,-1.0000001192092896
326001,1.0,-0.017625296488404274,6.13555175732472e-06,0.06295759975910187,4.449070445389225e-08,-1.0
328001,1.0,0.065008744597435,9.531630894343834e-06,0.2652806043624878,3.2449270293000154e-07,-0.9999998807907104
330001,1.0,0.008554019033908844,7.225863555504475e-06,0.13391394913196564,1.2808372673589474e-07,-1.0000001192092896
332001,1.0,-0.018904266878962517,4.997128598915879e-06,0.05475514382123947,3.1903205410799274e-08,-1.0
334001,1.0,0.023846615105867386,6.272764949244447e-06,0.07366062700748444,5.320767115790659e-08,-0.9999999403953552
336001,1.0,0.009070890955626965,9.241756742994767e-06,0.33386677503585815,2.4015884036998614e-07,-1.0000001192092896
338001,1.0,0.010236091911792755,6.4761370595078915e-06,0.13719087839126587,9.560225322502447e-08,-0.9999999403953552
340001,1.0,0.04876513034105301,7.037225714157103e-06,0.49014344811439514,1.5356165761204466e-07,-1.0000001192092896
342001,1.0,0.06843285262584686,1.4952610399632249e-05,0.3118588328361511,5.642478484446656e-08,-1.0
344001,0.9909909963607788,-0.13691845536231995,0.001979299820959568,0.19595967233181,8.043932666623732e-07,1.0
346001,1.0,0.01377379335463047,2.3223103198688477e-05,0.26673972606658936,2.155351452870491e-08,0.9999998807907104
348001,1.0,0.007353193126618862,1.6339545254595578e-05,0.3359685242176056,2.3839378116008447e-07,0.9999998807907104
350001,1.0,-0.022575093433260918,2.1561389075941406e-05,0.43084192276000977,3.352083979279996e-07,1.000000238418579
352001,1.0,0.007267742417752743,2.129080348822754e-05,0.27161121368408203,1.9281792162928468e-07,0.9999999403953552
354001,1.0,-0.012831081636250019,4.3453375837998465e-05,0.20415717363357544,1.3946579713319807e-07,0.9999999403953552
356001,1.0,-0.003175361780449748,2.954561023216229e-05,0.289482057094574,1.9149065622059425e-07,1.0
358001,0.9819819927215576,-0.15632356703281403,0.0021084013860672712,0.22846689820289612,1.953207856786321e-06,1.0000001192092896
360001,0.9819819927215576,-0.19212593138217926,0.003942188341170549,0.5517181158065796,3.869260581268463e-06,1.0
362001,1.0,-0.007713980041444302,0.0001089329962269403,0.3001662492752075,1.6629317656224885e-07,-1.0
364001,0.9819819927215576,-0.1244843602180481,0.002057331148535013,0.20496447384357452,1.570684275975509e-06,0.9999999403953552
366001,1.0,-0.041331980377435684,5.53053650946822e-05,0.2632790803909302,3.6435696415537677e-07,1.0000001192092896
368001,1.0,-0.01746145449578762,0.00012574077118188143,0.44370347261428833,3.1178521453512076e-07,-1.0
370001,1.0,0.02765427902340889,2.578073508630041e-05,0.5996605753898621,1.1677622069328208e-06,-0.9999999403953552
372001,1.0,-0.03429529443383217,2.3568934921058826e-05,0.718063235282898,2.6423058443469927e-06,-1.0
374001,1.0,-0.04990469664335251,3.087228469667025e-05,0.40760278701782227,1.9415642782405484e-06,-1.0000001192092896
376001,1.0,-0.029958054423332214,1.9331908333697356e-05,0.32831624150276184,1.6987385151878698e-06,-1.0000001192092896
378001,0.9909909963607788,-0.14762382209300995,0.0019783764146268368,0.17892631888389587,1.1014642353757154e-07,-1.0000001192092896
380001,0.9909909963607788,-0.14878150820732117,0.00198786030523479,0.1784520298242569,1.2416083450261794e-07,-1.0000001192092896
382001,1.0,-0.03165293112397194,2.8714297513943166e-05,0.07099725306034088,2.3947009708535916e-07,-0.9999999403953552
384001,1.0,-0.03106819838285446,1.735304067551624e-05,0.0971161499619484,1.9996657840692933e-07,-1.0000001192092896
386001,1.0,-0.029315881431102753,1.8820159311871976e-05,0.24482309818267822,4.7316191853497003e-07,-1.0
388001,1.0,-0.006290624849498272,7.6156225077284034e-06,0.10773797333240509,1.926638759641719e-07,-0.9999999403953552
390001,1.0,-0.0017064443090930581,5.913875611440744e-06,0.18266838788986206,3.0909399129086523e-07,-1.0
392001,1.0,0.00027316808700561523,5.5955001698748674e-06,0.17379797995090485,2.65837911683775e-07,-1.0000001192092896
394001,1.0,0.025989742949604988,5.766692083852831e-06,0.13417664170265198,2.161019807545017e-07,-1.0000001192092896
396001,1.0,0.019894063472747803,4.572909347189125e-06,0.17810142040252686,2.470927995545935e-07,-0.9999998807907104
398001,0.9909909963607788,-0.2137812227010727,0.002057998673990369,0.30866923928260803,8.713856800568465e-07,1.0
400001,1.0,-0.00312020699493587,1.4598041161661968e-05,0.13703198730945587,8.43211935830368e-08,-0.9999999403953552
402001,1.0,-0.017700908705592155,7.533225470979232e-06,0.2007179707288742,8.285251595907539e-08,-1.0000001192092896
404001,1.0,-0.03348943591117859,9.936324204318225e-06,0.5786181092262268,3.441112710333982e-07,1.0000001192092896
406001,1.0,-0.01285591535270214,4.571857061819173e-06,0.4161604046821594,1.710430552748221e-07,1.0000001192092896
408001,1.0,0.003010454820469022,4.306425580580253e-06,0.5288095474243164,9.924822075291218e-10,-0.9999998807907104
410001,0.9909909963607788,-0.16024237871170044,0.00197169603779912,0.20292113721370697,7.277035365405027e-07,1.0
412001,1.0,-0.03530241549015045,2.9971328331157565e-05,0.2597814202308655,2.1133377003934584e-07,-1.0000001192092896
414001,1.0,-0.0580635666847229,1.7222686437889934e-05,0.5270910263061523,2.8980988986404554e-07,-1.0000001192092896
416001,1.0,-0.00479071494191885,1.4594232197850943e-05,0.37371960282325745,1.4404901094167144e-07,-0.9999998807907104
418001,1.0,-0.020167557522654533,1.0799526535265613e-05,0.2731490731239319,2.2278052824731276e-07,-1.0000001192092896
420001,0.9909909963607788,-0.17715834081172943,0.001968257362022996,0.37585973739624023,1.195140839627129e-06,1.0000001192092896
422001,1.0,0.005822113249450922,2.0441952074179426e-05,0.20147117972373962,4.5179582741639024e-08,-1.0000001192092896
424001,1.0,-0.03742879629135132,1.07860278149019e-05,0.07957393676042557,1.1318570614093915e-07,0.9999998211860657
426001,1.0,-0.026875440031290054,1.2168983630544972e-05,0.09599336981773376,1.5248645013343776e-07,1.0000001192092896
428001,1.0,0.013624625280499458,1.3289894013723824e-05,0.15919752418994904,3.3034419288924255e-07,1.0
430001,1.0,-0.12183273583650589,1.3418212802207563e-05,0.39787042140960693,9.332422905572457e-07,1.0
432001,1.0,0.004133963957428932,4.867435563937761e-06,0.1288427710533142,2.8156159714853857e-07,1.0000001192092896
434001,1.0,0.011815945617854595,7.582008947792929e-06,0.18822351098060608,3.7917263284725777e-07,1.0
436001,1.0,-0.015321961604058743,3.322457587273675e-06,0.2410447597503662,4.7106809120123216e-07,0.9999999403953552
438001,0.9909909963607788,-0.19983549416065216,0.001947397249750793,0.49814337491989136,2.9077243652864126e-06,1.0000001192092896
440001,1.0,-0.0406673327088356,2.374396899540443e-05,0.07330320030450821,1.4080318067044573e-07,1.0000001192092896
442001,1.0,-0.020088715478777885,2.1267485863063484e-05,0.15686310827732086,2.7751016773436277e-07,0.9999999403953552
444001,1.0,0.011661117896437645,8.472655281366315e-06,0.41495630145072937,3.297604678209609e-07,1.0000001192092896
446001,1.0,-0.04505215212702751,1.6644184142933227e-05,0.2159963846206665,3.375867265731358e-07,1.0
448001,1.0,-0.13313305377960205,8.504528523189947e-06,0.2780021131038666,3.6147054061075323e-07,1.000000238418579
450001,1.0,-0.09776511788368225,5.040978521719808e-06,0.15729930996894836,1.7520349615551822e-07,1.000000238418579
452001,1.0,-0.09980014711618423,5.655926088365959e-06,0.35052385926246643,1.427026603550985e-07,1.0000001192092896
454001,1.0,-0.05418606847524643,1.6941845387918875e-05,0.07686957716941833,9.012243396000486e-09,1.0000001192092896
456001,1.0,-0.027637753635644913,7.8939438026282e-06,0.1911361813545227,3.326367803424546e-08,-0.9999998211860657
458001,1.0,-0.0026888204738497734,7.78771391196642e-06,0.19705241918563843,8.52663717409996e-08,-1.000000238418579
460001,1.0,-0.03477954864501953,6.9912048275000416e-06,0.1792217493057251,4.593871505420566e-09,-1.0
462001,1.0,-0.03491885960102081,3.2448665479023475e-06,0.11816976964473724,5.966213478814097e-08,0.9999998211860657
464001,1.0,-0.043400008231401443,2.439787749608513e-06,0.23483164608478546,1.7039292288245633e-07,1.0000001192092896
466001,1.0,-0.051362961530685425,2.0747411326738074e-06,0.36061081290245056,5.964862452856323e-07,1.0000001192092896
468001,1.0,-0.06603582948446274,4.934111984766787e-06,0.19282297790050507,3.4555958450255275e-07,0.9999998807907104
470001,1.0,-0.06533350050449371,2.1022606233600527e-06,0.3202630281448364,6.286596203608497e-07,1.0
472001,1.0,-0.004679025150835514,1.2887826414953452e-06,0.3112868368625641,5.96488405335549e-07,1.0000001192092896
474001,1.0,-0.0635252371430397,9.788772331376094e-06,0.261527419090271,4.806147444469389e-07,1.0
476001,1.0,-0.14477314054965973,3.199003549525514e-05,0.45965778827667236,8.887542435331852e-07,1.0
478001,1.0,-0.02859393134713173,1.590543092788721e-06,0.16002409160137177,3.604571645610122e-07,0.9999998807907104
480001,1.0,-0.04305059090256691,2.2038072984287282e-06,0.14039334654808044,3.316614822779229e-07,1.0000001192092896
482001,1.0,0.03377855196595192,2.7971591407549568e-06,0.18016108870506287,3.5873932802132913e-07,1.0000001192092896
484001,1.0,-0.04312421754002571,1.285078269575024e-06,0.1719191074371338,2.952199906758324e-07,1.000000238418579
486001,1.0,-0.03240467980504036,1.2296336535655428e-06,0.1976185292005539,3.1396328381561034e-07,1.000000238418579
488001,1.0,-0.059834446758031845,1.3955364011053462e-06,0.3613460659980774,5.727611664951837e-07,0.9999999403953552
490001,1.0,-0.13126114010810852,1.0986177585436963e-05,0.21134090423583984,2.959695564186404e-07,1.0
492001,1.0,-0.014812935143709183,2.409679837001022e-06,0.2750137448310852,2.1336920497105893e-07,1.0
494001,1.0,-0.015991335734725,1.6853101669767057e-06,0.18520541489124298,7.957733316743543e-08,0.9999999403953552
496001,1.0,-0.04354878142476082,1.1013779612767394e-06,0.16277958452701569,2.6722577928239843e-08,-1.0
498001,1.0,-0.06969960033893585,1.7221642565345974e-06,0.12062312662601471,3.405681425761031e-08,-0.9999998807907104
500001,1.0,-0.009919589385390282,1.8592505512060598e-05,0.1518898457288742,1.238230424860376e-07,-0.9999998807907104
502001,1.0,-0.03991271182894707,1.550222259538714e-05,0.2119300365447998,1.2021352802094043e-07,-0.9999999403953552
504001,1.0,0.001169107505120337,6.26867267783382e-06,0.07677719742059708,1.3976677593063869e-08,-1.0000001192092896
506001,1.0,-0.012716145254671574,6.651399871770991e-06,0.08830215781927109,4.269278264246168e-08,1.0
508001,1.0,-0.05839204788208008,3.642210458565387e-06,0.0807918906211853,1.030432486004429e-07,1.0
510001,1.0,-0.020361822098493576,3.155582362524001e-06,0.13326184451580048,2.5590952645870857e-07,1.0000001192092896
512001,1.0,-0.023879453539848328,5.795868219138356e-06,0.061652328819036484,1.7751342795691016e-07,0.9999998807907104
514001,1.0,-0.06832510977983475,1.4683310837426689e-05,0.2265820950269699,7.568575597360905e-07,1.0000001192092896
516001,0.9819819927215576,-0.24287822842597961,0.003509282134473324,0.5173448324203491,6.07838410360273e-06,1.0000001192092896
518001,1.0,-0.005690817721188068,2.963653787446674e-05,0.03933274373412132,1.311366446543616e-07,1.000000238418579
520001,1.0,-0.012581893242895603,8.021336725505535e-06,0.08202441781759262,2.104749370346326e-07,1.000000238418579
522001,1.0,0.0011518142418935895,3.426050398047664e-06,0.10897289961576462,1.4115364876943204e-07,0.9999998807907104
524001,1.0,-0.018080666661262512,3.4396807677694596e-06,0.12045592069625854,3.119657421279953e-08,-1.0
526001,1.0,0.005869351793080568,2.458692961226916e-06,0.059393323957920074,8.251045358065312e-08,-1.0
528001,1.0,-0.008533920161426067,3.4503807455621427e-06,0.06556006520986557,1.0468946953778868e-07,-0.9999998807907104
530001,1.0,-0.0005609007203020155,2.715165010158671e-06,0.03965619206428528,8.193929090793972e-08,-0.9999998807907104
532001,1.0,0.009484313428401947,1.6784792933322024e-06,0.042668964713811874,1.0448334819557203e-07,-1.0000001192092896
534001,1.0,0.0032839823979884386,1.8537135701990337e-06,0.05742369219660759,1.3045165303537942e-07,-1.0
536001,1.0,-0.014629709534347057,2.7410399070504354e-06,0.07729366421699524,1.49089132150948e-07,-1.0000001192092896
538001,1.0,-0.016624556854367256,2.9825562251062365e-06,0.083429254591465,1.3409216137461044e-07,-0.9999998807907104
540001,1.0,-0.014441262930631638,5.674882686435012e-06,0.060928378254175186,6.719228906604258e-08,-1.0
542001,0.9909909963607788,-0.23854294419288635,0.0019209207966923714,0.6243826150894165,2.1345147160900524e-06,1.0000001192092896
544001,1.0,-0.011004653759300709,1.9409471860853955e-05,0.009759234264492989,4.946350440349079e-09,1.0
546001,1.0,0.0015687819104641676,1.059071200870676e-05,0.03580641746520996,2.1439614528162565e-08,1.0
548001,1.0,-0.058880362659692764,5.742367193306563e-06,0.11276233941316605,1.8364626441780274e-07,1.0000001192092896
550001,1.0,-0.01892075315117836,4.395908945298288e-06,0.09320815652608871,1.6075783548785694e-07,1.000000238418579
552001,1.0,0.000961525016464293,3.7396989682747517e-06,0.09769005328416824,3.091258520271367e-07,0.9999998211860657
554001,1.0,-0.0688970685005188,2.98527947961702e-06,0.08830589801073074,1.7393271889432071e-07,1.0
556001,1.0,0.021082382649183273,1.5503786926274188e-05,0.13493382930755615,1.7679158759165148e-07,1.0000001192092896
558001,1.0,0.004422806203365326,6.341869266179856e-06,0.04344423487782478,4.730218705617517e-08,0.9999998807907104
560001,0.9909909963607788,-0.1788596510887146,0.0019669136963784695,0.23173578083515167,1.1664450312309782e-06,1.0
562001,1.0,-0.004605235997587442,1.459293798689032e-05,0.025615883991122246,1.849693020972154e-08,1.0000001192092896
564001,1.0,-0.004288088995963335,6.687959285045508e-06,0.023040158674120903,5.7012896625963094e-09,1.0
566001,1.0,-0.002156256465241313,3.340255261718994e-06,0.0295142512768507,2.608253524272186e-08,-0.9999999403953552
568001,1.0,-0.0005600891308858991,2.315426172572188e-06,0.06461073458194733,1.2334642462974443e-07,-1.0
570001,1.0,0.01395659800618887,9.702540637590573e-07,0.15011407434940338,3.4282061278645415e-07,-1.0000001192092896
572001,1.0,-0.004677467979490757,1.2148526593591669e-06,0.0633854791522026,1.398609583702637e-07,-0.9999998211860657
574001,1.0,-0.012619043700397015,1.4157785699353553e-06,0.04809686914086342,9.917778953649758e-08,-0.9999997615814209
576001,1.0,0.003781932406127453,1.2333025551924948e-06,0.0415143147110939,7.455620476548575e-08,-0.9999998807907104
578001,1.0,0.005833601113408804,1.5432715372298844e-06,0.023434516042470932,3.810053073038944e-08,-1.0
580001,1.0,-0.0190853551030159,1.323740548286878e-06,0.05970281735062599,7.952697700375211e-08,-1.0000001192092896
582001,1.0,0.027863867580890656,2.0699037577287527e-06,0.07364100962877274,7.462115547696158e-08,-1.0
584001,1.0,0.03558875992894173,1.9455503661447437e-06,0.07194028794765472,2.5744284926076944e-08,-0.9999998807907104
586001,1.0,-0.031180575489997864,1.7445479443267686e-06,0.09969647228717804,2.244436991816201e-08,0.9999998211860657
588001,1.0,0.012114782817661762,8.795551593721029e-07,0.05461384728550911,3.1705827296946154e-08,1.0
590001,1.0,0.016188206151127815,2.320782186870929e-06,0.07545682787895203,2.4556754851801088e-08,0.9999999403953552
592001,1.0,-0.029000278562307358,1.0872553275476093e-06,0.09199631214141846,1.6214060094554839e-09,-1.0000001192092896
594001,1.0,-0.005286091938614845,7.706342444180336e-07,0.06820130348205566,1.1714290870656896e-08,-0.9999998211860657
596001,1.0,-0.03349108621478081,3.0655135105916997e-06,0.16108080744743347,4.116996521474903e-08,-1.0
598001,1.0,-0.1169952005147934,6.322628451016499e-06,0.30261096358299255,1.442953845298689e-07,-0.9999998807907104
600001,1.0,0.0017649735091254115,1.4891311366227455e-06,0.09638720005750656,6.662047979943964e-08,-0.9999999403953552
602001,1.0,-0.014756361953914165,1.2889192930742865e-06,0.040220633149147034,2.327884018882287e-08,-0.9999998211860657
604001,1.0,-0.043902743607759476,5.286624400469009e-06,0.08532661944627762,4.6079559723466446e-08,-1.0
606001,1.0,-0.013753161765635014,2.4120404304994736e-06,0.09546566009521484,3.9677683361105665e-08,-1.0
608001,1.0,0.0010512539884075522,5.568209417106118e-06,0.028723370283842087,1.824564677121998e-08,-1.0
610001,1.0,0.02630639635026455,1.907656951516401e-06,0.142792209982872,9.439776249564602e-08,-0.9999999403953552
612001,1.0,-0.009232325479388237,1.4967183687986108e-06,0.06656492501497269,5.638656119799634e-08,-1.0
614001,1.0,-0.018643712624907494,9.963042657545884e-07,0.05967535451054573,4.054397262365228e-09,1.000000238418579
616001,1.0,0.02927505224943161,8.07412652648054e-06,0.06961369514465332,4.2745341488625854e-08,1.0
618001,1.0,0.007490185089409351,8.629651233604818e-07,0.12943129241466522,1.472143935643544e-07,1.0
620001,1.0,-0.01071749534457922,6.81065046137519e-07,0.17096400260925293,2.6021305643553205e-07,1.000000238418579
622001,1.0,0.03135598823428154,1.784307414709474e-06,0.176788792014122,2.5038593776116613e-07,1.0
624001,1.0,-0.04215995967388153,1.4371738643603749e-06,0.07675496488809586,1.1851640380200479e-07,0.9999998807907104
626001,1.0,-0.021774139255285263,1.116576413551229e-06,0.06467194855213165,9.61253974196552e-08,1.000000238418579
628001,1.0,-0.10293062776327133,6.778989245503908e-07,0.3736257553100586,6.421441298698483e-07,1.0000001192092896
630001,1.0,-0.001960017252713442,3.20695590971809e-07,0.11452151834964752,1.3451696645461197e-07,1.0
632001,1.0,-0.048670098185539246,4.1098959968621784e-07,0.23674562573432922,1.8297544102097163e-07,1.0000001192092896
634001,1.0,-0.04587480425834656,1.4902095699653728e-06,0.08793005347251892,2.1863867161187045e-08,1.0
636001,1.0,-0.0016994382021948695,1.3757772876488161e-06,0.09374915063381195,4.432844846746775e-08,1.0
638001,1.0,-0.07100962102413177,1.6909904161366285e-06,0.12974780797958374,5.2853739163083446e-08,1.0
640001,1.0,-0.011146944016218185,1.000785573523899e-06,0.08014088124036789,5.551869364239792e-08,1.0000001192092896
642001,1.0,-0.01496886182576418,2.5111353352258448e-06,0.1105818971991539,7.227667708775698e-08,1.0
644001,1.0,0.00564857292920351,4.123711732972879e-06,0.0659056082367897,7.299134807681185e-08,0.9999998807907104
646001,1.0,-0.007878756150603294,1.1519044846863835e-06,0.088579460978508,1.221993102262786e-07,1.0
648001,1.0,-0.01403156016021967,2.776272367555066e-06,0.08446977287530899,1.6646880851567403e-07,1.0
650001,1.0,-0.007806116249412298,8.843121577228885e-07,0.13216380774974823,1.802313107646114e-07,1.0000001192092896
652001,1.0,0.030357129871845245,7.058526989567326e-07,0.10539402812719345,1.2412608896283928e-07,1.000000238418579
654001,1.0,0.010872738435864449,1.1146994438604452e-05,0.18406537175178528,1.525303332527983e-07,1.0
656001,1.0,0.000596606289036572,5.551903086598031e-06,0.08985929936170578,3.544083071460591e-08,1.0000001192092896
658001,1.0,0.0010367679642513394,2.91980381916801e-06,0.09473440796136856,2.7128782775776017e-08,1.0
660001,1.0,-0.031041940674185753,1.283169126509165e-06,0.07026101648807526,1.3823821198855057e-08,-1.0000001192092896
662001,1.0,-0.01814066246151924,1.4953627669456182e-06,0.06715381890535355,7.381262889794016e-08,-1.0
664001,1.0,-0.03941735252737999,2.8667095648415852e-06,0.12255825847387314,2.7016503167942574e-07,-1.0000001192092896
666001,1.0,-0.011198592372238636,2.7909268283110578e-06,0.07921698689460754,2.5624387944844784e-07,-1.0
668001,1.0,-0.05439486727118492,1.8682666222957778e-06,0.10502161085605621,3.6171311990074173e-07,-1.0000001192092896
670001,1.0,0.007020512130111456,5.303811576595763e-06,0.11617732793092728,3.92249944525247e-07,-0.9999998807907104
672001,1.0,0.01965315081179142,1.0179023774981033e-06,0.06249029189348221,1.4912855306192796e-07,-1.0000001192092896
674001,1.0,-0.011032224632799625,1.7453230611863546e-06,0.14112357795238495,2.3038609242576058e-07,-0.9999998807907104
676001,1.0,0.01637890376150608,1.2531008906080388e-06,0.13785654306411743,6.469981173040651e-08,-0.9999998807907104
678001,1.0,0.03646373376250267,1.64713947015116e-06,0.13429582118988037,3.9095951365197834e-08,0.9999998807907104
680001,1.0,0.01966346986591816,1.6085407423815923e-06,0.12473197281360626,9.435559178427866e-08,0.9999999403953552
682001,1.0,-0.01123174000531435,1.0911650178968557e-06,0.235770121216774,2.901343236771936e-07,1.0000001192092896
684001,1.0,0.044389594346284866,1.000886868496309e-06,0.22117657959461212,2.3325181075506407e-07,1.0000001192092896
686001,1.0,0.029818203300237656,2.9341401841520565e-07,0.050716716796159744,5.5078846372680346e-08,1.0
688001,1.0,-0.043215248733758926,1.6611578530500992e-06,0.1761225014925003,1.0561024055277812e-07,1.0
690001,1.0,-0.06312652677297592,8.083096872724127e-06,0.404921293258667,3.3757262940525834e-07,0.9999999403953552
692001,1.0,-0.006421655882149935,3.1695753932581283e-06,0.1362580507993698,1.33959105141912e-07,1.0000001192092896
694001,1.0,-0.016318123787641525,2.5071581148949917e-06,0.2568788528442383,2.6297817612430663e-07,0.9999999403953552
696001,1.0,0.013108434155583382,2.1279645352478838e-06,0.2326776385307312,3.5390425523473823e-07,0.9999999403953552
698001,1.0,-0.005080336704850197,1.8491570017431513e-06,0.09045101702213287,1.4932763292563322e-07,0.9999998211860657
700001,1.0,0.03157975897192955,8.884106250661716e-07,0.22529514133930206,4.955351755597803e-07,1.0
702001,1.0,0.0028156149201095104,1.076147100320668e-06,0.07657355070114136,1.7159379694930976e-07,1.000000238418579
704001,1.0,-0.013200415298342705,1.2958279285157914e-06,0.10453107208013535,2.4493837713635003e-07,1.0000001192092896
706001,1.0,-0.06575671583414078,1.7651640291660442e-06,0.2949911653995514,6.860589678581164e-07,1.0000001192092896
708001,1.0,-0.02975057251751423,2.266353476443328e-06,0.0804954320192337,1.6054917750807363e-07,0.9999999403953552
710001,1.0,-0.009958649054169655,1.3775626257483964e-06,0.030788786709308624,5.4019285045114884e-08,1.0
712001,1.0,-0.06765636801719666,1.878716602732311e-06,0.10866233706474304,1.0077008028019918e-07,1.0000001192092896
714001,1.0,-0.0668502151966095,1.0460560133651597e-06,0.1359013468027115,8.264075290753681e-08,1.0
716001,1.0,-0.0016121647786349058,1.7300488934779423e-06,0.059772226959466934,3.9119170125445635e-09,0.9999998807907104
718001,1.0,-0.01166313886642456,1.5839345905988012e-06,0.024159593507647514,3.749949795128771e-10,1.0
720001,1.0,-0.015393558889627457,7.674393032175431e-07,0.017873849719762802,3.422959027332695e-09,-1.0
722001,1.0,-0.020737113431096077,1.033451667353802e-06,0.08816959708929062,1.0945628403646879e-08,1.0000001192092896
724001,1.0,0.0029404270462691784,3.12158590531908e-07,0.140181303024292,2.1353535828438908e-08,1.0000001192092896
726001,0.9909909963607788,-0.20896640419960022,0.001949097728356719,0.43179208040237427,1.7753181964508258e-06,0.9999999403953552
728001,1.0,0.001298910821788013,2.1842875867150724e-05,0.002459441777318716,4.711770418275307e-10,0.9999999403953552
730001,0.9909909963607788,-0.2140994518995285,0.0019596824422478676,0.43433877825737,1.8910793642135104e-06,1.0
732001,1.0,-0.006283232010900974,2.6164905648329295e-05,0.007982826791703701,3.4304294960207926e-09,0.9999999403953552
734001,1.0,-0.009806639514863491,1.8543390979175456e-05,0.045243583619594574,3.193547115643014e-08,1.0000001192092896
736001,1.0,-0.000456381356343627,7.916857612144668e-06,0.09536222368478775,6.022667520255709e-08,0.9999998807907104
738001,1.0,0.001594799687154591,2.4282630874949973e-06,0.040018144994974136,4.1388609872683446e-08,1.0000001192092896
740001,1.0,-0.0030354864429682493,2.405591430942877e-06,0.06172790378332138,4.151580412781186e-08,1.000000238418579
742001,1.0,-0.009720277972519398,1.9165959201927762e-06,0.12953422963619232,3.7930522722717797e-08,0.9999998211860657
744001,1.0,-0.0352974571287632,1.0656060567271197e-06,0.22091960906982422,1.361981389891298e-07,-1.0
746001,1.0,0.008014040067791939,1.3240046428109054e-06,0.13486656546592712,5.853712892189833e-08,-1.0
748001,1.0,-0.12180537730455399,2.7024332212022273e-06,0.21502472460269928,1.125045479000164e-08,-0.9999998807907104
750001,1.0,-0.06603728979825974,1.1449848216216196e-06,0.10353516787290573,4.114850238323697e-09,-1.0000001192092896
752001,1.0,-0.02913598157465458,6.844500148872612e-06,0.09469405561685562,3.528471381741838e-08,-0.9999999403953552
754001,1.0,-0.019416779279708862,3.711709950948716e-06,0.08595231920480728,4.5098044409996874e-08,-1.0
756001,1.0,-0.029591672122478485,2.0119916825933615e-06,0.04045359045267105,1.7554340203673746e-09,-1.0000001192092896
758001,1.0,0.002836222294718027,9.278970765080885e-07,0.029746297746896744,5.70845548608645e-09,-0.9999999403953552
760001,1.0,-0.02625805139541626,1.303369685956568e-06,0.1466851532459259,8.641729110081542e-09,-1.0
762001,1.0,-0.03830699250102043,1.4587983514502412e-06,0.05565974488854408,2.041196367486009e-08,-1.0
764001,1.0,-0.0876670554280281,1.161384034276125e-06,0.15566618740558624,7.823704351039851e-08,-1.0
766001,1.0,0.016858700662851334,2.9663084433195763e-07,0.024822436273097992,1.0529119798263764e-08,-0.9999999403953552
768001,1.0,0.0014989767223596573,7.096247145454981e-07,0.05874667689204216,1.895000423246529e-08,-1.0000001192092896
770001,1.0,0.019804833456873894,3.140473552321055e-07,0.02358405292034149,1.382591818810397e-09,-1.0000001192092896
772001,1.0,0.00936081912368536,1.4827834320385591e-06,0.053940776735544205,1.403289040524669e-09,0.9999999403953552
774001,1.0,0.001009141793474555,2.1266504290906596e-07,0.047802895307540894,2.026603107552205e-09,-1.000000238418579
776001,0.9909909963607788,-0.19190160930156708,0.0019629744347184896,0.322603702545166,1.2801750699509284e-06,1.0
778001,1.0,-0.002051154151558876,2.8690783437923528e-05,0.015496351756155491,1.2495232626363872e-09,0.9999998807907104
780001,1.0,-0.001280296128243208,1.2109244380553719e-05,0.0342092365026474,1.615438982582873e-08,0.9999997615814209
782001,1.0,0.00013274104276206344,3.5685700368048856e-06,0.06287268549203873,2.0637369146925266e-08,-0.9999998211860657
784001,1.0,-0.01928802765905857,1.256657014891971e-06,0.0752125084400177,8.729646339133978e-09,0.9999998807907104
786001,1.0,-0.003849885193631053,1.4629473525928915e-06,0.08110807090997696,1.4941817783054034e-09,-0.9999999403953552
788001,1.0,-0.027980756014585495,2.0917664187436458e-06,0.06755943596363068,2.0876028017369208e-08,0.9999999403953552
790001,1.0,0.007343097124248743,7.147056066969526e-07,0.045512888580560684,3.5431597655843916e-09,-0.9999999403953552
792001,1.0,0.00932017620652914,2.928630919996067e-06,0.025454923510551453,1.2071964761162235e-08,0.9999998807907104
794001,1.0,0.0015952097019180655,1.9143892586725997e-06,0.04426540806889534,1.9252548000281422e-08,1.0000001192092896
796001,1.0,0.0003408576303627342,1.5960188193275826e-06,0.01009584590792656,9.436418313413242e-10,-0.9999998807907104
798001,1.0,0.009209808893501759,8.730368676879152e-07,0.05038224905729294,1.687357809032619e-08,-1.0
800001,1.0,-0.005473490804433823,1.2495473811213742e-06,0.06191718950867653,3.932499215153484e-09,1.0000001192092896
802001,1.0,-0.030077803879976273,1.2858757827416412e-06,0.08763594925403595,7.204015872730452e-08,1.0
804001,1.0,-0.0015741947572678328,7.336073508668051e-07,0.03821820765733719,4.438766865177968e-08,1.0
806001,1.0,-0.006278772838413715,1.3873417401555344e-06,0.04502231627702713,5.51330678888462e-08,1.0
808001,1.0,-0.013568857684731483,7.278561042767251e-07,0.031555622816085815,3.811445026258298e-08,1.0000001192092896
810001,1.0,-0.012599422596395016,1.26960060242709e-06,0.06795687973499298,7.929642720228003e-08,1.0
812001,1.0,-0.008377907797694206,7.35685205199843e-07,0.07812762260437012,8.598760103950553e-08,0.9999999403953552
814001,1.0,-0.03513483330607414,5.884887173124298e-07,0.060695867985486984,5.3559457313667735e-08,0.9999999403953552
816001,1.0,-0.020879773423075676,6.989786243138951e-07,0.05255903676152229,5.196248409333748e-08,1.0000001192092896
818001,1.0,0.01643809676170349,1.5271633628799464e-06,0.07206340879201889,8.183217659052389e-08,1.0000001192092896
820001,1.0,0.0055322772823274136,3.0052308375161374e-06,0.04930172488093376,6.189991808014383e-08,1.0
822001,1.0,-0.011518330313265324,8.667721544952656e-07,0.07978681474924088,9.460025296448293e-08,1.0000001192092896
824001,1.0,-0.04676475748419762,8.995923508337e-07,0.10620849579572678,1.132457256858288e-07,1.000000238418579
826001,1.0,-0.019729716703295708,2.582311708465568e-06,0.06506955623626709,4.697722388868897e-08,1.0
828001,1.0,-0.011014867573976517,5.884563051949954e-06,0.11582613736391068,7.125512979655468e-08,1.0000001192092896
830001,1.0,0.004172878339886665,3.448888719503884e-06,0.1073564812541008,7.667162549296336e-08,0.9999999403953552
832001,1.0,0.02547861449420452,6.753281809324108e-07,0.08530160039663315,8.144138519128319e-08,1.000000238418579
834001,1.0,0.020566800609230995,5.641904294861888e-07,0.12393118441104889,1.4552149707469653e-07,1.0000001192092896
836001,1.0,0.005742967594414949,5.940790401837148e-07,0.10462336987257004,1.2681800853897585e-07,1.0
838001,1.0,0.012798858806490898,9.069410680240253e-07,0.062120091170072556,1.1290317303291886e-07,0.9999998807907104
840001,1.0,0.011437330394983292,1.0751099353001337e-06,0.029222017154097557,6.226429860589633e-08,0.9999999403953552
842001,1.0,-0.028226520866155624,5.741432573813654e-07,0.06666559725999832,1.4860476937883504e-07,0.9999998807907104
844001,1.0,-0.022254154086112976,8.054353770603484e-07,0.08176185190677643,1.499807638083439e-07,1.0000001192092896
846001,1.0,-0.00026282502221874893,3.6737290542987466e-07,0.13312168419361115,1.6377624945107527e-07,1.0000001192092896
848001,1.0,-0.05083398520946503,4.987718966731336e-07,0.14348755776882172,9.864688621519235e-08,1.0000001192092896
850001,1.0,0.007050509098917246,1.8992564321251848e-07,0.09011274576187134,5.717436302177248e-09,1.0
852001,1.0,-0.0017320187762379646,3.976274172146077e-07,0.05507243797183037,2.9551038949193753e-08,-0.9999999403953552
854001,1.0,-0.01720982789993286,2.435992598748271e-07,0.06948339939117432,6.665451479648254e-08,-1.0
856001,1.0,-0.004822960123419762,1.2803521087789704e-07,0.07404167205095291,9.084694596595e-08,-1.0
858001,1.0,0.0013836255529895425,3.2019178775044566e-07,0.09408298134803772,1.3802423382003326e-07,-1.0
860001,1.0,-0.09605514258146286,2.0100303288472787e-07,0.18592412769794464,2.787475068544154e-07,-1.0000001192092896
862001,1.0,0.041787903755903244,9.667630251897208e-08,0.14417292177677155,1.786117564961387e-07,-1.0
864001,1.0,0.011670765466988087,8.78651803759567e-07,0.06517846137285233,7.475135532786226e-08,-1.0000001192092896
866001,1.0,0.013357515446841717,9.66686570791353e-07,0.07383200526237488,5.09579436425156e-08,-1.0
868001,1.0,0.016729386523365974,4.870071848017687e-07,0.12041836977005005,4.046557577908061e-08,-1.0000001192092896
870001,1.0,0.010350718162953854,2.905558176280465e-06,0.05397506803274155,1.2796821380334222e-09,0.9999998807907104
872001,1.0,0.02132314071059227,2.10434549785532e-07,0.10355602949857712,6.335940838653187e-08,1.0000001192092896
874001,1.0,0.022725388407707214,1.219210190583908e-07,0.08179795742034912,8.725497480099875e-08,0.9999998211860657
876001,0.9909909963607788,-0.2945213317871094,0.0019545613322407007,0.42234769463539124,2.2767351310903905e-06,1.0000001192092896
878001,1.0,0.005283422768115997,1.5091091881913599e-05,0.017878293991088867,2.9160997172539282e-08,1.0
880001,1.0,0.003869882319122553,1.1711455954355188e-05,0.03917384520173073,7.992452566440988e-08,1.0000001192092896
882001,1.0,-0.010114628821611404,4.9634086281002965e-06,0.02023419737815857,4.73246721810483e-08,1.0
884001,1.0,-0.021815210580825806,2.738142256930587e-06,0.15063276886940002,3.1248183063325996e-07,1.0
886001,1.0,0.0034323525615036488,8.697152793502028e-07,0.05460439994931221,1.0783306692019323e-07,0.9999998807907104
888001,1.0,-0.00019015828729607165,1.230742327607004e-06,0.09168164432048798,9.332948991414014e-08,0.9999999403953552
890001,1.0,-0.015615710988640785,1.8961225123348413e-06,0.16512122750282288,5.567601935041466e-09,1.0
892001,1.0,-0.010046565905213356,1.733381395752076e-06,0.19270488619804382,6.514964567827519e-09,-1.0
894001,1.0,0.007986025884747505,2.248796363346628e-06,0.07506260275840759,9.321952987306759e-09,-1.000000238418579
896001,1.0,0.0014972100034356117,1.5288939039237448e-06,0.10358705371618271,6.015032028017231e-08,-1.0
898001,1.0,0.0019397607538849115,1.403096462126996e-06,0.10509946197271347,1.0432940911186961e-07,-0.9999998807907104
900001,1.0,-0.0030326952692121267,9.490944421486347e-07,0.0917048528790474,1.0498215630150298e-08,-1.0
902001,1.0,0.006801700685173273,1.6928645436564693e-06,0.11702878773212433,6.92397179591353e-08,1.0
904001,1.0,-0.007521142717450857,4.725712017261685e-07,0.07273513823747635,2.0162080005547978e-08,1.0000001192092896
906001,1.0,-0.0049400320276618,2.418879887500225e-07,0.07693490386009216,2.873861504326669e-08,0.9999999403953552
908001,1.0,-0.012116577476263046,2.3244244573561446e-07,0.09423305094242096,2.5746299314732823e-08,-0.9999999403953552
910001,1.0,-0.03601468354463577,4.230043941788608e-07,0.0927540734410286,5.15652374133424e-08,-0.9999998807907104
912001,1.0,0.015323825180530548,2.196487116634671e-07,0.0731576532125473,5.8319894691294394e-08,-1.0
914001,1.0,0.019613469019532204,5.083858468424296e-06,0.071555957198143,6.825089116091476e-08,-0.9999999403953552
916001,1.0,-0.0021136102732270956,8.545574132767797e-07,0.025363817811012268,2.8645329663845587e-08,-0.9999998807907104
918001,0.9909909963607788,-0.2513802647590637,0.001958716195076704,0.5945409536361694,1.8856973156289314e-06,1.0
920001,1.0,0.006433658301830292,3.24309803545475e-06,0.06892450153827667,4.522274110740909e-08,-0.9999999403953552
922001,1.0,0.007443862035870552,5.433669684862252e-06,0.033229611814022064,3.3743951632914104e-08,-1.0000001192092896
924001,1.0,-0.01605350524187088,1.838545358623378e-05,0.060087814927101135,1.0795528027074397e-07,-1.0000001192092896
926001,1.0,0.007031146436929703,2.7829846658278257e-06,0.052143704146146774,6.496620130747033e-08,-1.0
928001,1.0,-0.0088414391502738,3.21076163345424e-06,0.04390006139874458,1.1629536089685644e-07,-0.9999999403953552
930001,1.0,0.0023751980625092983,2.2904755496711005e-06,0.029044924303889275,7.034279292383872e-08,-1.0
932001,1.0,-0.017182279378175735,2.308511056980933e-06,0.1439281553030014,4.2765813645928574e-07,-0.9999998807907104
934001,1.0,-0.00023635925026610494,3.0981514100858476e-06,0.05973505973815918,1.438828576283413e-07,-1.0
936001,1.0,0.020825130864977837,2.888650442400831e-06,0.13036362826824188,3.311401144401316e-07,-1.0
938001,1.0,-0.024715935811400414,2.926254865087685e-06,0.14330652356147766,3.5688452726390096e-07,-1.0
940001,1.0,-0.07889515906572342,4.6644636313430965e-06,0.34538891911506653,8.37357504224201e-07,-0.9999999403953552
942001,1.0,0.045541927218437195,7.743382752778416e-07,0.1612982302904129,1.3599272108422156e-07,-1.0
944001,1.0,0.008825580589473248,6.111011998655158e-07,0.07029136270284653,2.7578018091389822e-08,-1.0000001192092896
946001,1.0,-0.016149502247571945,3.989872823240148e-07,0.20188142359256744,8.36692564121222e-08,1.0000001192092896
948001,1.0,-0.05043564364314079,7.112630555639043e-07,0.23812705278396606,7.67784698041396e-08,1.0
950001,1.0,-0.01086295023560524,9.993588037104928e-07,0.13963016867637634,1.6911240408035155e-08,0.9999999403953552
952001,1.0,-0.01756671443581581,8.737651313595052e-08,0.2268538773059845,4.0111086008209895e-08,-1.0
954001,1.0,-0.0025311168283224106,5.589393836658019e-08,0.20461957156658173,4.936776321073921e-08,-0.9999998211860657
956001,1.0,0.00953146442770958,2.8123335482632683e-07,0.22512856125831604,1.0553307561167458e-07,-1.0000001192092896
958001,1.0,0.02787073329091072,4.1239164261241967e-07,0.17183628678321838,1.0632540181632066e-07,-1.0000001192092896
960001,1.0,0.03051093965768814,3.678583766486554e-07,0.3039703071117401,2.0329953542841395e-07,-0.9999998807907104
962001,1.0,-0.04863254725933075,1.0273316064512983e-07,0.17835146188735962,1.4691458716242778e-07,-1.0000001192092896
964001,1.0,-0.02967039868235588,1.0195127941869941e-07,0.09833016246557236,7.703851423457309e-08,-1.0
966001,1.0,-0.03836728259921074,9.549826245347504e-07,0.2524999678134918,2.1539429440053937e-07,-1.0000001192092896
968001,1.0,-0.04150060936808586,8.034817966517949e-08,0.21069499850273132,2.1106500014411722e-07,-0.9999999403953552
970001,1.0,-0.03165987506508827,1.7911716554408486e-07,0.0956626757979393,9.265893652354862e-08,-1.0
972001,1.0,-0.008883985690772533,1.661729697843839e-06,0.11429563909769058,1.0845582920637753e-07,-1.0
974001,1.0,0.00264839013107121,6.419782607736124e-07,0.05246613547205925,4.275414156040824e-08,-1.0
976001,1.0,-0.0023903653491288424,7.868753471029777e-08,0.11581607908010483,9.320223881559286e-08,-0.9999998807907104
978001,1.0,-0.01042011845856905,5.147016395312676e-07,0.07092326134443283,4.4508869478931956e-08,-1.0
980001,1.0,0.022292805835604668,7.511273736326984e-08,0.0703543871641159,6.830670695734398e-09,-1.0
982001,1.0,0.03607562184333801,1.7343627689569985e-07,0.07658418267965317,8.740578039123648e-09,-1.0000001192092896
984001,1.0,-0.024241024628281593,9.446416129321733e-07,0.10049723088741302,4.907684925115063e-09,-1.0
986001,1.0,0.034721482545137405,7.512184652114229e-07,0.057273074984550476,9.826268687618267e-09,1.0
988001,1.0,-0.07577059417963028,5.906702540414699e-07,0.18200191855430603,8.044652055616552e-09,-1.0
990001,1.0,-0.009305073879659176,2.341513152259722e-07,0.053640976548194885,1.7522951978321544e-08,-1.0000001192092896
992001,1.0,-0.01908303238451481,1.0684171769526074e-07,0.05377351865172386,1.017655648638538e-08,-1.0
994001,1.0,-0.012230557389557362,2.4919737029449607e-07,0.09437581151723862,5.315724749266337e-08,-1.0
996001,1.0,-0.0030811394099146128,1.7835510845998215e-07,0.10689979791641235,7.0528798801206e-08,-1.0
998001,1.0,-0.02600785903632641,3.2788659609650495e-07,0.11664918065071106,7.880225183498624e-08,-1.0
