step,reward,actor_loss,critic_loss
1,-0.6576576828956604,0.001093776780180633,0.07797160744667053
1001,-0.477477490901947,0.0014352456200867891,0.07635229825973511
2001,-0.7837837934494019,0.0038498970679938793,0.039388108998537064
3001,-0.6036036014556885,-0.0012277623172849417,0.05990935117006302
4001,-0.477477490901947,0.005384046584367752,0.0696391761302948
5001,-0.6576576828956604,0.0053171864710748196,0.050499338656663895
6001,-0.5495495796203613,0.0011595116229727864,0.06119798868894577
7001,-0.477477490901947,0.0007843513740226626,0.06430675089359283
8001,-0.6756756901741028,0.0006358814425766468,0.05318364500999451
9001,-0.7117117047309875,-0.000901254708878696,0.05777174234390259
10001,-0.6756756901741028,-0.0019348756177350879,0.05959852784872055
11001,-0.7477477788925171,-0.004716109484434128,0.04631531611084938
12001,-0.6756756901741028,-0.0034164029639214277,0.049128200858831406
13001,-0.6576576828956604,-0.006170929409563541,0.05260628089308739
14001,-0.6036036014556885,-0.0050049955025315285,0.05244950205087662
15001,-0.6216216087341309,-0.006513956468552351,0.05613425746560097
16001,-0.5495495796203613,-0.0075182002037763596,0.06917185336351395
17001,-0.5495495796203613,-0.00848193746060133,0.06886612623929977
18001,-0.531531572341919,-0.012157324701547623,0.06189294904470444
19001,-0.6216216087341309,-0.006709426175802946,0.07633008807897568
20001,-0.477477490901947,-0.013057680800557137,0.07489052414894104
21001,-0.6216216087341309,-0.0161637794226408,0.07027887552976608
22001,-0.531531572341919,-0.010638420470058918,0.07188380509614944
23001,-0.5855855941772461,-0.01417228952050209,0.07114886492490768
24001,-0.6036036014556885,-0.01456912886351347,0.07079961150884628
25001,-0.6216216087341309,-0.018789634108543396,0.0640992820262909
26001,-0.4954954981803894,-0.01980767399072647,0.05984167009592056
27001,-0.4954954981803894,-0.02456711046397686,0.07975200563669205
28001,-0.5135135054588318,-0.014578074216842651,0.06689751148223877
29001,-0.531531572341919,-0.0286248829215765,0.07619882375001907
30001,-0.531531572341919,-0.023009086027741432,0.05584978312253952
31001,-0.5495495796203613,-0.03871544077992439,0.07879645377397537
32001,-0.4954954981803894,-0.029744097962975502,0.07586398720741272
33001,-0.36936938762664795,-0.03745195269584656,0.08036427944898605
34001,-0.5675675868988037,-0.04173406586050987,0.08751239627599716
35001,-0.4954954981803894,-0.041235145181417465,0.07216815650463104
36001,-0.5855855941772461,-0.04989730194211006,0.06978709995746613
37001,-0.4954954981803894,-0.04635024070739746,0.0782715454697609
38001,-0.45945948362350464,-0.056172680109739304,0.09012444317340851
39001,-0.5135135054588318,-0.058946773409843445,0.08579908311367035
40001,-0.44144144654273987,-0.06052790954709053,0.08474624902009964
41001,-0.4054054021835327,-0.08055773377418518,0.07268501818180084
42001,-0.38738739490509033,-0.07225067913532257,0.08888986706733704
43001,-0.477477490901947,-0.07663796097040176,0.07370065152645111
44001,-0.20720721781253815,-0.07559331506490707,0.08262120187282562
45001,-0.3513513505458832,-0.10076048970222473,0.09329291433095932
46001,-0.20720721781253815,-0.10104770213365555,0.09471134096384048
47001,-0.4954954981803894,-0.11184428632259369,0.08241290599107742
48001,-0.2612612545490265,-0.10612890124320984,0.09875620156526566
49001,-0.09909909963607788,-0.1163916289806366,0.10502441972494125
50001,-0.2432432472705841,-0.1420263797044754,0.10502319782972336
51001,-0.29729729890823364,-0.12387994676828384,0.09986761957406998
52001,-0.2432432472705841,-0.1566872000694275,0.0960337370634079
53001,-0.027027027681469917,-0.14497394859790802,0.09996089339256287
54001,-0.11711712181568146,-0.14678525924682617,0.10137160867452621
55001,0.06306306272745132,-0.14261774718761444,0.11098606139421463
56001,-0.027027027681469917,-0.1710500419139862,0.08081725239753723
57001,0.11711712181568146,-0.1639079600572586,0.08486086130142212
58001,0.009009009227156639,-0.18079359829425812,0.06411463022232056
59001,-0.027027027681469917,-0.1691090613603592,0.08046220242977142
60001,0.20720721781253815,-0.19045372307300568,0.08551932126283646
61001,0.15315315127372742,-0.18812663853168488,0.0823136493563652
62001,0.3513513505458832,-0.1672431379556656,0.07344440370798111
63001,0.20720721781253815,-0.22551818192005157,0.06141679733991623
64001,0.3153153359889984,-0.218181774020195,0.0748738944530487
65001,0.29729729890823364,-0.17412015795707703,0.08068913221359253
66001,0.44144144654273987,-0.2261456847190857,0.07039262354373932
67001,0.2432432472705841,-0.25699102878570557,0.08138542622327805
68001,0.2432432472705841,-0.21597865223884583,0.064734548330307
69001,0.5495495796203613,-0.17830966413021088,0.05321293696761131
70001,0.3333333432674408,-0.2299010455608368,0.07307272404432297
71001,0.36936938762664795,-0.20737296342849731,0.07511194050312042
72001,0.44144144654273987,-0.2384827435016632,0.04961227625608444
73001,0.5675675868988037,-0.21266135573387146,0.05201445519924164
74001,0.5675675868988037,-0.17995844781398773,0.04968056082725525
75001,0.5675675868988037,-0.19465595483779907,0.0471605621278286
76001,0.4954954981803894,-0.2159605771303177,0.05281585082411766
77001,0.6216216087341309,-0.22258298099040985,0.044835735112428665
78001,0.639639675617218,-0.1221875473856926,0.030541157349944115
79001,0.639639675617218,-0.18395011126995087,0.04505941644310951
80001,0.6036036014556885,-0.23069846630096436,0.04056743159890175
81001,0.7657657861709595,-0.14405328035354614,0.026932992041110992
82001,0.7117117047309875,-0.2325967401266098,0.044301968067884445
83001,0.6936936974525452,-0.17748869955539703,0.032726556062698364
84001,0.7837837934494019,-0.10372409224510193,0.017242737114429474
85001,0.7657657861709595,-0.18645507097244263,0.024812335148453712
86001,0.8018018007278442,-0.15088166296482086,0.018185922876000404
87001,0.7297297716140747,-0.31575116515159607,0.038724709302186966
88001,0.8198198676109314,-0.11735024303197861,0.025613602250814438
89001,0.8918918967247009,-0.1405532956123352,0.01923094131052494
90001,0.9639639854431152,-0.033049989491701126,0.004332775250077248
91001,0.8378378748893738,-0.21099494397640228,0.025827649980783463
92001,0.9099099040031433,-0.17420698702335358,0.01712171360850334
93001,0.9459459781646729,-0.14777301251888275,0.014144225977361202
94001,0.9459459781646729,-0.1378321498632431,0.010876830667257309
95001,0.9459459781646729,-0.11897176504135132,0.005334536079317331
96001,0.9819819927215576,-0.032870542258024216,0.001846903469413519
97001,0.9459459781646729,-0.2089431881904602,0.00510281790047884
98001,0.9819819927215576,-0.07434812933206558,0.0017333393916487694
99001,0.9639639854431152,-0.1663583517074585,0.007661333307623863
100001,0.9639639854431152,-0.19765318930149078,0.008024160750210285
101001,0.9819819927215576,-0.08529944717884064,0.0022437258157879114
102001,0.9819819927215576,-0.0584850050508976,0.004304273519665003
103001,0.9819819927215576,-0.1898554414510727,0.004862493835389614
104001,0.9819819927215576,-0.10768451541662216,0.007908802479505539
105001,0.9819819927215576,-0.1012721136212349,0.002204360207542777
106001,0.9819819927215576,-0.13171757757663727,0.004117878153920174
107001,0.9819819927215576,-0.17269279062747955,0.003948319237679243
108001,0.9639639854431152,-0.2379770278930664,0.007780981250107288
109001,1.0,-0.03231992572546005,0.00012971246906090528
110001,0.9459459781646729,-0.25602173805236816,0.006282000336796045
111001,0.9819819927215576,-0.1482362151145935,0.0016665576258674264
112001,1.0,-0.014482992701232433,0.0001546808343846351
113001,1.0,-0.010972811840474606,8.072426135186106e-05
114001,1.0,0.02049117721617222,5.479819083120674e-05
115001,1.0,-0.011595665477216244,0.00010770959488581866
116001,1.0,0.1363372504711151,3.044618460990023e-05
117001,1.0,0.06294436752796173,4.109032670385204e-05
118001,1.0,-0.10635956376791,0.00011532143980730325
119001,1.0,-0.03488565981388092,6.001664951327257e-05
120001,0.9639639854431152,-0.307182639837265,0.005778646096587181
121001,1.0,0.027915745973587036,0.00011033858027076349
122001,0.9819819927215576,-0.1463901698589325,0.0015099815791472793
123001,0.9819819927215576,-0.10598742216825485,0.000700176868122071
124001,0.9819819927215576,-0.014426283538341522,0.0005164762260392308
125001,1.0,-0.11852069944143295,0.00012615723244380206
126001,0.9819819927215576,-0.0009231944568455219,0.0007839085883460939
127001,1.0,-0.05565860867500305,0.00011865617852890864
128001,0.9819819927215576,-0.06401719897985458,0.0006911637028679252
129001,0.9639639854431152,-0.18588262796401978,0.004737101029604673
130001,1.0,-0.12246633321046829,0.00019935677119065076
131001,0.9819819927215576,-0.2059856355190277,0.006598677020519972
132001,1.0,-0.009968637488782406,9.393582149641588e-05
133001,0.9819819927215576,-0.1855287402868271,0.004036318510770798
134001,1.0,-0.0030477766413241625,0.00023307726951316
135001,1.0,0.002596341772004962,0.0002582169254310429
136001,1.0,0.009509899653494358,0.0002455362118780613
137001,1.0,0.015966469421982765,0.0001132370816776529
138001,1.0,-0.020882591605186462,0.00019377221178729087
139001,1.0,0.011825661174952984,6.682347157038748e-05
140001,1.0,-0.005713733844459057,1.1771038771257736e-05
141001,1.0,0.003290979890152812,8.154466740961652e-06
142001,1.0,-0.08371086418628693,1.0402540283394046e-05
143001,1.0,0.027850640937685966,4.1734356273082085e-06
144001,1.0,-0.03496497496962547,3.2891102819121443e-06
145001,1.0,0.03621326759457588,2.1286580249579856e-06
146001,1.0,0.02250002697110176,1.233713305737183e-06
147001,1.0,-0.04507291316986084,4.3448112592159305e-06
148001,1.0,0.07527423650026321,1.1880230204042164e-06
149001,0.9819819927215576,-0.22173058986663818,0.003926864825189114
150001,1.0,-0.006353189703077078,3.191790892742574e-05
151001,1.0,-0.01787734031677246,2.052014860964846e-05
152001,1.0,0.04776066169142723,1.1251297109993175e-05
153001,1.0,0.017309190705418587,4.339990482549183e-06
154001,1.0,-0.05476105958223343,3.872593879350461e-06
155001,1.0,-0.0383903868496418,3.886623289872659e-06
156001,1.0,-0.17888444662094116,2.8846330678788945e-05
157001,1.0,0.05087105557322502,1.6438847296740278e-06
158001,1.0,0.08413643389940262,1.7427780676371185e-06
159001,1.0,0.08677393198013306,2.238788965769345e-06
160001,1.0,0.07710548490285873,4.823292783839861e-06
161001,1.0,-0.012547495774924755,3.5414126386967837e-07
162001,0.9819819927215576,-0.16682057082653046,0.0030679397750645876
163001,1.0,0.016176603734493256,4.0759896364761516e-05
164001,1.0,0.012885410338640213,2.4991870304802433e-05
165001,1.0,0.005266136024147272,4.4372663978720084e-05
166001,1.0,-0.009820270352065563,4.1388888348592445e-05
167001,0.9819819927215576,-0.171585813164711,0.003704427508637309
168001,1.0,-0.111002117395401,0.00012316535867284983
169001,1.0,0.0027524419128894806,3.64756524504628e-05
170001,0.9819819927215576,-0.04376239702105522,0.0005636399728246033
171001,1.0,0.013248314149677753,4.1975185013143346e-05
172001,1.0,-0.007699317764490843,4.471864303923212e-05
173001,1.0,-0.016388440504670143,1.5842862921999767e-05
174001,1.0,-0.012555070221424103,2.3748269086354412e-05
175001,1.0,-0.03079889342188835,1.859846815932542e-05
176001,1.0,0.011886481195688248,1.3757418855675496e-05
177001,1.0,0.0011341264471411705,8.672345757076982e-06
178001,1.0,0.03681294992566109,3.929717877326766e-06
179001,1.0,-0.00871963519603014,4.195898327452596e-06
180001,0.9819819927215576,-0.27269768714904785,0.003912979271262884
181001,1.0,0.003956675063818693,2.5654086130089127e-05
182001,0.9819819927215576,-0.3110933303833008,0.003936912398785353
183001,1.0,-0.007354170083999634,3.9314796595135704e-05
184001,1.0,-0.029401544481515884,4.918080594507046e-05
185001,1.0,-0.0283930916339159,1.5346564396168105e-05
186001,1.0,-0.0022398701403290033,1.0933213161479216e-05
187001,1.0,-0.010283716954290867,7.116334927559365e-06
188001,1.0,-0.013579114340245724,6.204501914908178e-06
189001,1.0,0.02677585557103157,3.975825620727846e-06
190001,1.0,0.02152591571211815,3.0813278044661274e-06
191001,1.0,0.015440440736711025,1.4677272019980592e-06
192001,1.0,-0.01989101432263851,1.2025162732243189e-06
193001,1.0,-0.09629688411951065,5.316119313647505e-06
194001,1.0,-0.03694181144237518,7.889858011367323e-07
195001,1.0,-0.11803407967090607,1.5542495930276345e-06
196001,1.0,-0.008083183318376541,2.9264094791869866e-07
197001,1.0,-0.030417459085583687,1.5110006756913208e-07
198001,1.0,-0.03915834054350853,1.766021142657337e-07
199001,1.0,-0.1867174208164215,4.0484548662789166e-05
200001,1.0,-0.012058653868734837,3.528056709001248e-07
201001,1.0,0.018190236762166023,2.442040454297967e-07
202001,1.0,1.3568103895522654e-05,1.2985536557152955e-07
203001,1.0,0.007519498001784086,1.1296000224092495e-07
204001,1.0,0.010164841078221798,1.123248978274205e-07
205001,1.0,0.001858435687609017,5.387202861584228e-08
206001,1.0,0.008876187726855278,2.4532827325174367e-08
207001,1.0,0.03294346481561661,4.035220158016273e-08
208001,1.0,0.05977978557348251,5.248219991926817e-08
209001,1.0,0.03889825567603111,1.3220558514603908e-07
210001,1.0,0.052119817584753036,3.1722862559036e-08
211001,1.0,-0.005811265204101801,8.866573253385468e-09
212001,1.0,-0.1903449445962906,2.2056795501157467e-07
213001,1.0,-0.29927536845207214,9.595535630069207e-06
214001,1.0,0.0024679619818925858,2.969926171658699e-08
215001,1.0,0.02732158452272415,3.0107443649285415e-08
216001,1.0,-0.008137592114508152,1.892334289266273e-08
217001,1.0,-0.08066056668758392,4.712832790687571e-08
218001,1.0,-0.07910273969173431,7.255738410094636e-08
219001,1.0,-0.03233681246638298,7.875762264575314e-09
220001,1.0,-0.012590521015226841,6.006322106344442e-09
221001,1.0,-0.0046485234051942825,7.910244903541752e-09
222001,1.0,-0.07053454220294952,6.748402725520464e-09
223001,1.0,-0.052320193499326706,8.14154255124322e-09
224001,1.0,-0.005236693657934666,9.201772677158715e-09
225001,1.0,-0.013167752884328365,5.7619566895539265e-09
226001,1.0,-0.013350458815693855,2.0539456802026734e-09
227001,1.0,-0.03955483436584473,3.56330542850003e-09
228001,1.0,-0.03498859703540802,1.2285267247946763e-09
229001,1.0,0.014950611628592014,2.182890757040923e-09
230001,1.0,-0.0070823198184370995,2.140023935837121e-09
231001,1.0,0.12146008014678955,8.464830330012774e-07
232001,1.0,-0.18469427525997162,1.0114429187524365e-06
233001,1.0,0.0065798088908195496,1.2989662678819514e-08
234001,1.0,-0.012767300009727478,5.523147716957055e-09
235001,1.0,-0.04007323831319809,7.650098332590005e-09
236001,1.0,0.08890806883573532,1.6110446949824109e-06
237001,1.0,0.11286547034978867,2.7098233204014832e-06
238001,1.0,0.03828471153974533,6.552337339371661e-08
239001,1.0,0.02776326984167099,7.460088454536162e-06
240001,1.0,0.0736345648765564,2.184425284212921e-06
241001,1.0,0.08622904866933823,3.885343176079914e-06
242001,1.0,0.007143314927816391,4.774786702910205e-06
243001,1.0,-0.023082058876752853,4.15711801906582e-05
244001,1.0,-0.03180908411741257,2.8606533305719495e-05
245001,1.0,-0.037687111645936966,1.3223925634520128e-05
246001,0.9819819927215576,-0.0037049208767712116,0.00015327142318710685
247001,0.8918918967247009,-0.016591906547546387,0.00031896698055788875
248001,0.8918918967247009,-0.09354711323976517,0.004958118312060833
249001,0.9099099040031433,-0.0988379567861557,0.005241821985691786
250001,0.9459459781646729,-0.019894205033779144,0.010180430486798286
251001,0.9639639854431152,-0.06939161568880081,0.006879543419927359
252001,0.9459459781646729,-0.07646936178207397,0.003825570922344923
253001,1.0,-0.07938574254512787,0.0005395449697971344
254001,1.0,-0.050554294139146805,0.00032502610702067614
255001,1.0,0.0010758829303085804,0.0001487427216488868
256001,0.9639639854431152,-0.2822433114051819,0.004409551154822111
257001,1.0,-0.012160134501755238,5.916139343753457e-05
258001,1.0,-0.05347030609846115,3.905678022420034e-05
259001,1.0,-0.008274774067103863,2.6641177100827917e-05
260001,1.0,-0.0029341469053179026,2.855419006664306e-05
261001,1.0,0.00158743339125067,2.6548748792265542e-05
262001,1.0,-0.03648795932531357,2.105500789184589e-05
263001,1.0,-0.021925063803792,1.313464053964708e-05
264001,1.0,-0.03171783313155174,1.1254042874497827e-05
265001,1.0,-0.0034760523121804,5.728754786105128e-06
266001,1.0,-0.04909291863441467,6.438199761760188e-06
267001,1.0,-0.006195274647325277,5.919463092141086e-06
268001,1.0,-0.0010355451377108693,1.8082585029333131e-06
269001,1.0,-0.01454536896198988,1.727372932691651e-06
270001,1.0,-0.000713987392373383,1.5152905916693271e-06
271001,1.0,-0.00599996093660593,1.0663650300557492e-06
272001,1.0,-0.02945913001894951,1.1315502206343808e-06
273001,1.0,-0.022388894110918045,1.065321271198627e-06
274001,1.0,-0.015520824119448662,6.315647738119878e-07
275001,1.0,-0.023481642827391624,6.780400667594222e-07
276001,1.0,-0.0007887443643994629,4.1236452830162307e-07
277001,1.0,-0.002823966322466731,2.048065681492517e-07
278001,1.0,-0.077735036611557,7.439252271979058e-07
279001,1.0,-0.05623769387602806,2.724594878600328e-07
280001,1.0,0.0008374216849915683,1.0057198807089662e-07
281001,1.0,-0.08987980335950851,0.00012349311145953834
282001,1.0,-0.0012045081239193678,1.0465008699611644e-06
283001,1.0,0.0050526936538517475,7.468094622709032e-07
284001,0.9819819927215576,-0.009071389213204384,0.00016484716616105288
285001,1.0,0.004208209924399853,7.4899994615407195e-06
286001,1.0,0.012048136442899704,7.814926902938168e-06
287001,1.0,-0.029776597395539284,5.0255712267244235e-06
288001,1.0,-0.00047822867054492235,5.813477855554083e-06
289001,1.0,0.005422641988843679,2.595399791971431e-06
290001,1.0,0.023791933432221413,3.6358085253596073e-06
291001,1.0,0.004306662827730179,1.536222612230631e-06
292001,1.0,0.005305927246809006,1.0284204563504318e-06
293001,1.0,-0.011690829880535603,5.92805236010463e-07
294001,1.0,0.005326875951141119,1.0920094837274519e-06
295001,1.0,0.06341254711151123,1.7132032326117042e-06
296001,1.0,-0.0031104383524507284,2.0631979680274526e-07
297001,1.0,-0.1526547074317932,3.610271278375876e-06
298001,1.0,0.007130628451704979,8.507246462841067e-08
299001,1.0,-0.018560566008090973,1.2490846756918472e-07
300001,1.0,0.08475910127162933,1.3402220702118939e-06
301001,1.0,-0.019307950511574745,5.8501722577375403e-08
302001,1.0,0.08235974609851837,1.0240903520752909e-06
303001,1.0,-0.011899162083864212,2.666388354555238e-08
304001,1.0,0.06616342067718506,8.16715044038574e-07
305001,1.0,0.07660564035177231,1.2275579592824215e-06
306001,1.0,0.03707798942923546,4.3969117768938304e-07
307001,1.0,0.08997394144535065,1.5061207250255393e-06
308001,1.0,0.003422326175495982,4.286878834136587e-07
309001,1.0,0.08115021139383316,3.309780140625662e-06
310001,1.0,0.004902523476630449,8.023144459912146e-08
311001,1.0,0.08660568296909332,5.422835329227382e-06
312001,1.0,-0.022104378789663315,1.1311980415484868e-05
313001,1.0,-0.06441580504179001,3.3804365102696465e-06
314001,1.0,-0.04743880033493042,1.1112497304566205e-06
315001,1.0,0.002983717480674386,4.278918765976414e-07
316001,1.0,-0.1396125704050064,3.347441088408232e-05
317001,1.0,0.062270212918519974,1.6357899994545733e-06
318001,1.0,0.02035716362297535,6.076169825064426e-07
319001,1.0,-0.17646752297878265,1.2397060345392674e-05
320001,1.0,-0.18333609402179718,1.866954335127957e-05
321001,1.0,-0.095512256026268,2.6629941203282215e-06
322001,1.0,-0.059609003365039825,7.102133849912207e-07
323001,1.0,-0.0717272087931633,3.279434167779982e-06
324001,1.0,-0.004755803849548101,1.0231127589577227e-06
325001,1.0,-0.13417775928974152,1.4412040627576062e-06
326001,1.0,-0.015660306438803673,6.115892006164358e-07
327001,1.0,-0.00620427867397666,9.228842401398651e-08
328001,1.0,0.07173677533864975,6.017733085172949e-07
329001,1.0,-0.0016721929423511028,3.39294352613706e-08
330001,1.0,0.05394642427563667,1.6097918376090092e-07
331001,1.0,-0.11842650920152664,5.429292855296808e-07
332001,1.0,-0.06628334522247314,1.6579008388362126e-07
333001,1.0,-0.03871858865022659,3.8836486027094e-08
334001,1.0,0.04077773541212082,3.647081214808168e-08
335001,0.9819819927215576,-0.16293346881866455,0.0038598033133894205
336001,1.0,-0.018440058454871178,5.079220500192605e-05
337001,1.0,0.007421383634209633,2.3919397790450603e-05
338001,1.0,0.03939118981361389,1.046236684487667e-05
339001,1.0,0.05688602104783058,3.9522378756373655e-06
340001,1.0,0.0019032888812944293,2.507010094632278e-06
341001,1.0,0.0021596422884613276,1.4388108411367284e-06
342001,0.9819819927215576,-0.18353688716888428,0.0038777596782892942
343001,1.0,-0.03286612778902054,2.9916654966655187e-05
344001,1.0,-0.024869292974472046,2.3795120796421543e-05
345001,1.0,0.0043569887056946754,1.7254073100048117e-05
346001,1.0,0.0090176397934556,1.0622861736919731e-05
347001,0.9819819927215576,-0.15802718698978424,0.0013118364149704576
348001,1.0,-0.0357273668050766,2.2768639610148966e-05
349001,1.0,-0.017052730545401573,2.224337549705524e-06
350001,1.0,0.00577658973634243,3.0076569146331167e-06
351001,1.0,-0.012655564583837986,1.8232968841402908e-06
352001,1.0,0.013589246198534966,2.462001248204615e-06
353001,1.0,-0.03190913051366806,3.0390701795113273e-06
354001,1.0,0.009247950278222561,9.964129503714503e-07
355001,1.0,-0.004951745271682739,1.248365606443258e-06
356001,1.0,0.006461217999458313,6.760612905054586e-07
357001,1.0,-0.10601501166820526,2.905729616031749e-06
358001,1.0,-0.002312658354640007,4.611781889707345e-07
359001,1.0,-0.008248480036854744,2.23947580479944e-07
360001,1.0,0.024311326444149017,1.8781167909764918e-07
361001,0.9819819927215576,-0.20401369035243988,0.0038494409527629614
362001,1.0,-0.0058444649912416935,1.9206911019864492e-05
363001,1.0,0.0011679002782329917,2.580176806077361e-05
364001,1.0,-0.02109815739095211,3.2282343454426154e-05
365001,1.0,-0.05832633748650551,5.7117664255201817e-05
366001,1.0,0.02806999348104,2.048479836957995e-05
367001,1.0,0.018665451556444168,1.6502526705153286e-05
368001,1.0,0.00769362598657608,6.08125174039742e-06
369001,1.0,0.014317491091787815,1.7001884771161713e-06
370001,1.0,0.005288914777338505,1.355490212517907e-06
371001,1.0,0.040446262806653976,9.12952145881718e-07
372001,1.0,0.037290748208761215,7.603174481118913e-07
373001,1.0,0.0021721716038882732,4.1235571757169964e-07
374001,1.0,-0.07081252336502075,5.304885917212232e-07
375001,1.0,-0.03463171422481537,1.6301771665894194e-07
376001,1.0,-0.09190384298563004,4.79063658076484e-07
377001,1.0,-0.016985656693577766,7.138586965993454e-08
378001,1.0,0.002363744890317321,2.971155055320196e-08
379001,1.0,0.03493630141019821,2.6452688928202406e-08
380001,1.0,0.008195625618100166,1.4698073869112704e-08
381001,1.0,0.00582368578761816,5.6891429345284905e-09
382001,1.0,0.009609147906303406,7.1437606941060494e-09
383001,1.0,-0.00042374624172225595,5.5857185543572996e-09
384001,1.0,0.004397153854370117,2.700307533132218e-09
385001,1.0,0.006764204241335392,2.053150316427832e-09
386001,1.0,-0.15097853541374207,3.120249516541662e-07
387001,1.0,-0.12626998126506805,7.879643817432225e-07
388001,1.0,0.015915926545858383,7.892088760286242e-09
389001,1.0,0.013487030752003193,5.375258460560417e-09
390001,1.0,0.004376707132905722,3.0389679661624314e-09
391001,1.0,0.009730730205774307,2.939729570883287e-09
392001,1.0,0.00613792147487402,5.626772381361889e-09
393001,1.0,0.003958888351917267,3.133646453434835e-09
394001,1.0,-0.0038717228453606367,1.206051924995677e-09
395001,1.0,0.005972051061689854,8.613320057193619e-10
396001,1.0,0.016713399440050125,1.3015875044430913e-09
397001,1.0,0.01982872560620308,2.827121647897002e-09
398001,1.0,-0.01419431995600462,7.449472705367555e-10
399001,1.0,-0.006218986585736275,1.184156661615532e-09
400001,1.0,-0.19129659235477448,2.4252116759271303e-07
401001,1.0,0.011263611726462841,6.12548145539904e-09
402001,1.0,-0.0025122121442109346,9.41142719312893e-09
403001,1.0,0.009506287053227425,8.812821028492124e-10
404001,1.0,0.006145088002085686,3.787405944422062e-09
405001,1.0,-0.0028881696052849293,3.0171545262192012e-09
406001,1.0,0.0029509628657251596,2.1888837409278494e-09
407001,1.0,0.00010801649477798492,5.506142208844267e-09
408001,1.0,0.0011857772478833795,2.1704988917292667e-09
409001,1.0,0.00044539818190969527,1.1522305332078986e-09
410001,1.0,7.200522668426856e-05,3.965702211061739e-10
411001,1.0,0.0004405287036206573,9.390084265703535e-09
412001,1.0,0.0007590223685838282,1.2857173103952846e-08
413001,1.0,9.12516625248827e-05,2.362862794313969e-09
414001,1.0,0.0001655479718465358,7.568700666205075e-10
415001,1.0,-0.00021327764261513948,4.360611871589981e-09
416001,1.0,-0.00014942394045647234,6.34335972637956e-10
417001,1.0,0.00031583686359226704,1.7260417095599223e-08
418001,1.0,-0.0465182363986969,5.262768922875694e-07
419001,1.0,-0.11997046321630478,3.7172159750298306e-07
420001,1.0,0.05280457064509392,1.1836850717372727e-06
421001,1.0,-0.00021381786791607738,2.4894701411426468e-08
422001,1.0,0.00022056572197470814,4.341914383587664e-09
423001,1.0,6.068557922844775e-05,5.151444604223343e-09
424001,1.0,-0.00017569992633070797,9.946472978583643e-09
425001,1.0,-0.0001614121865713969,2.497471918161409e-08
426001,1.0,0.06816467642784119,1.725109655126289e-07
427001,1.0,-0.00046065475908108056,3.3370643137686784e-08
428001,1.0,-2.2278287360677496e-05,4.503637907049551e-09
429001,1.0,-0.09448102861642838,3.5880496795925865e-08
430001,1.0,-5.8386969612911344e-05,1.0116328219567094e-08
431001,1.0,0.025282735005021095,1.7604229185508302e-07
432001,1.0,-0.07284481823444366,5.751721943170196e-08
433001,1.0,0.000262417655903846,8.10685563124025e-09
434001,1.0,-0.11579752713441849,3.0219553082133643e-07
435001,1.0,0.000355761731043458,5.019895166213928e-09
436001,1.0,0.00011004099360434338,2.195865711485112e-09
437001,1.0,0.057599909603595734,1.2340305488578451e-07
438001,1.0,0.05127720907330513,1.0937046113213e-07
439001,1.0,0.04365777596831322,1.0224692204019448e-07
440001,1.0,0.07396554946899414,3.398279773136892e-07
441001,1.0,0.04036790132522583,2.775168468360789e-07
442001,1.0,0.02797783352434635,2.42728646071555e-07
443001,1.0,0.003998717293143272,2.986604386023828e-07
444001,1.0,-0.062186602503061295,4.7539387537653965e-07
445001,1.0,-0.05634046345949173,5.408804213402618e-07
446001,1.0,-0.13023298978805542,1.1424504009482916e-06
447001,1.0,-0.04752163961529732,3.458921469245979e-07
448001,1.0,0.002316248370334506,7.945628155425766e-09
449001,1.0,-0.059410303831100464,3.1086986496120517e-07
450001,1.0,-0.1359565407037735,2.785108699754346e-05
451001,1.0,-0.002575184917077422,3.7958045595587464e-07
452001,1.0,-0.21577408909797668,1.447544264010503e-06
453001,1.0,-0.028095906600356102,4.180876942427858e-07
454001,1.0,-0.060520239174366,3.9545554386677395e-07
455001,1.0,0.00017801225476432592,2.646793859639729e-07
456001,1.0,-5.7764707889873534e-05,9.15051359129393e-08
457001,1.0,6.815460073994473e-05,2.3638094148736855e-08
458001,1.0,-7.3277360570500605e-06,2.1101293157244072e-08
459001,1.0,6.801769245612377e-07,1.9081650037833242e-08
460001,1.0,0.00010940730135189369,1.5526577357150018e-08
461001,1.0,-2.162454984500073e-05,2.916227614946365e-08
462001,1.0,-6.129137545940466e-06,1.501491020405865e-08
463001,1.0,2.5778443159651943e-05,5.4167937690863255e-08
464001,1.0,-4.998740405426361e-05,3.970787787466179e-08
465001,1.0,6.533494888572022e-05,6.295311294479689e-08
466001,1.0,-6.262254464672878e-05,1.371401836536279e-08
467001,1.0,-5.557014446821995e-05,1.090878054554878e-08
468001,1.0,3.957616718253121e-05,1.8600287887693412e-07
469001,1.0,6.931097595952451e-05,1.3489123595888941e-08
470001,1.0,4.997851647203788e-06,8.06841526923563e-09
471001,1.0,-7.331689630518667e-06,8.284104069389286e-09
472001,1.0,-3.589526750147343e-05,4.49143833236576e-08
473001,1.0,0.00011108439503004774,6.403269470212081e-09
474001,1.0,-6.093549382057972e-05,1.021946332002699e-06
475001,1.0,-4.7992245526984334e-05,1.6887146614408266e-07
476001,1.0,5.5699620133964345e-05,5.2319098386988117e-08
477001,1.0,8.939129475038499e-05,4.692017796514847e-08
478001,1.0,-1.4593999367207289e-05,3.104321422142675e-08
479001,1.0,-0.00012984471686650068,4.443895207373316e-08
480001,1.0,3.229470530641265e-05,1.5494931560056102e-08
481001,1.0,-6.5804997575469315e-06,8.957663943931493e-09
482001,1.0,-1.9499189875205047e-05,8.51425774328618e-09
483001,1.0,-7.505804387619719e-05,4.4551971001283164e-08
484001,1.0,3.872930392390117e-06,1.953084982631026e-08
485001,1.0,9.743408008944243e-05,6.416211562054741e-08
486001,1.0,-6.1297912907321e-05,7.762097453678507e-08
487001,1.0,-3.903632386936806e-05,2.943594701321217e-09
488001,1.0,-7.879198528826237e-05,4.5114390445633035e-08
489001,1.0,9.37260701903142e-05,8.019330977049322e-09
490001,1.0,-2.0518058590823784e-05,2.6080751780455103e-08
491001,1.0,0.006556584965437651,6.037088041921379e-06
492001,1.0,2.5233966880477965e-05,4.6173568080121186e-07
493001,1.0,-7.505634016524709e-07,2.2061146864871262e-07
494001,1.0,-5.528524343390018e-05,3.736327158776476e-08
495001,1.0,-6.385438609868288e-05,2.5852839868889532e-08
496001,1.0,-0.13043762743473053,1.8519098148317426e-06
497001,1.0,8.611997327534482e-05,4.376594731070327e-08
498001,1.0,-0.04461679980158806,5.885055642806947e-08
499001,1.0,6.143528298707679e-05,1.378250686911997e-07
500001,1.0,-1.1942945548071293e-06,1.9529092298853357e-07
501001,1.0,3.5168845897715073e-06,3.7192112500861185e-08
502001,1.0,-5.76350566916517e-06,2.953813904582603e-08
503001,1.0,-0.00011135685781482607,8.9035623318523e-09
504001,1.0,0.00010428351379232481,2.8549173691772012e-08
505001,1.0,-6.992700218688697e-05,1.2598925458462418e-08
506001,1.0,1.5346744476119056e-05,1.0727498001017466e-08
507001,1.0,4.910499046673067e-05,1.80653936254771e-09
508001,1.0,-8.156816329574212e-05,1.8584357164286303e-08
509001,1.0,0.0001118110230891034,2.989865777180967e-08
510001,1.0,-1.1238829756621271e-05,1.4064244879818943e-08
511001,1.0,1.106692070607096e-05,1.5508862816204783e-07
512001,1.0,6.321689579635859e-05,5.607791919715055e-08
513001,1.0,-2.8994383683311753e-05,9.890845831250772e-08
514001,1.0,8.264121333922958e-07,1.0090140989404972e-07
515001,1.0,-1.9019156752619892e-05,8.006361440493492e-08
516001,1.0,-6.960697646718472e-05,8.661945827270756e-09
517001,1.0,3.466914131422527e-05,2.6749493287070436e-08
518001,1.0,1.7346810636809096e-05,2.450417468935484e-08
519001,1.0,3.80724100068619e-06,1.9776553017436527e-07
520001,1.0,-1.560464261274319e-05,1.2442353636288317e-07
521001,1.0,6.329640746116638e-05,9.187883343031444e-09
522001,1.0,1.656657514104154e-05,1.073613464797063e-08
523001,1.0,-3.4043387131532654e-05,1.037277908011447e-08
524001,1.0,9.74655122263357e-05,2.772318730137613e-08
525001,1.0,-3.384137380635366e-05,6.399427832093352e-08
526001,1.0,5.270453402772546e-05,6.258038531825605e-09
527001,1.0,0.0680997297167778,3.145553506556098e-08
528001,1.0,1.0172529982810374e-06,5.789159818192502e-09
529001,1.0,1.6381207387894392e-05,2.978538482523163e-08
530001,1.0,1.8894415916292928e-05,2.2836674773429877e-08
531001,1.0,-3.5587308957474306e-05,7.844754179586744e-08
532001,1.0,3.223162639187649e-05,5.424304116985468e-09
533001,1.0,2.872558070521336e-05,1.0498118996338235e-07
534001,1.0,4.214771615806967e-05,4.300137845802965e-08
535001,1.0,1.3954064343124628e-05,1.214833389440173e-07
536001,1.0,-1.4565283663614537e-06,6.846680999927912e-09
537001,1.0,-2.3933553165988997e-05,7.0837953280999955e-09
538001,1.0,-2.8062844648957253e-05,8.73752181718146e-09
539001,1.0,2.9580451155197807e-05,3.5870961312411964e-08
540001,1.0,-0.21347828209400177,1.1044740944043951e-07
541001,1.0,-5.04686358908657e-05,8.300683695949829e-09
542001,1.0,1.9655906726256944e-05,5.9323213008610765e-09
543001,1.0,9.56107942329254e-06,2.4248990371233958e-08
544001,1.0,-0.18301422894001007,0.00014171558723319322
545001,1.0,4.4543208787217736e-05,7.059662721076165e-07
546001,1.0,-4.049616472912021e-05,7.181118633070582e-08
547001,1.0,2.9782409910694696e-05,8.449624999684602e-08
548001,1.0,-3.267946794949239e-06,6.183208256516082e-08
549001,1.0,-2.2027512386557646e-05,2.870751814043615e-08
550001,1.0,9.77582203631755e-06,2.6029292499174517e-08
551001,1.0,0.09000572562217712,2.8923514250323024e-08
552001,1.0,-2.1336661575332982e-06,2.6114562956536247e-08
553001,1.0,-2.8124983145971783e-05,6.5661946990758224e-09
554001,1.0,2.2810863811173476e-05,6.059686086246074e-09
555001,1.0,-3.1955256417859346e-05,2.8783865957393573e-08
556001,1.0,5.13493387188646e-06,4.812059195558049e-09
557001,1.0,2.8608508273464395e-06,2.663036013927922e-09
558001,1.0,9.597403050065623e-07,1.8240345900366606e-09
559001,1.0,5.650761886499822e-05,2.3719030295410448e-08
560001,1.0,-6.9346979216788895e-06,5.42364553268726e-09
561001,1.0,-7.658561116841156e-06,2.4908746176777186e-09
562001,1.0,-1.520765908935573e-05,7.332738416465645e-09
563001,1.0,2.9280228773131967e-05,6.288817910871103e-09
564001,1.0,1.5920542864478193e-05,6.573611877058738e-09
565001,1.0,2.266936280648224e-05,1.6082029041797341e-09
566001,1.0,-6.76410854794085e-05,2.0069264028421685e-09
567001,1.0,-2.132091685780324e-05,5.2311342813027295e-08
568001,1.0,-4.000209446530789e-05,2.9590045969030143e-08
569001,1.0,3.22332234645728e-05,4.0951357860308235e-09
570001,1.0,4.2331368604209274e-05,2.0510702025688943e-09
571001,1.0,-1.3803858564642724e-05,3.470040255137974e-09
572001,1.0,1.3091033906675875e-05,1.0343103262755449e-08
573001,1.0,-1.1080652257078327e-05,2.2383248587942717e-09
574001,1.0,-7.766122962493682e-07,5.572347916427134e-08
575001,1.0,3.0420749681070447e-05,5.4425055573403824e-09
576001,1.0,-6.176771421451122e-05,9.8460173347803e-09
577001,1.0,-5.812778908875771e-06,6.433218402435159e-08
578001,1.0,6.607031536987051e-05,5.2849184584147224e-08
579001,1.0,0.08134325593709946,5.134669578410467e-08
580001,1.0,-1.6713180229999125e-05,2.9676577639747848e-08
581001,1.0,6.4125888457056135e-06,6.265526764082097e-08
582001,1.0,-5.431632962427102e-05,1.1489221130034366e-08
583001,1.0,1.0634923455654643e-05,2.6169740152681698e-08
584001,1.0,-0.14923959970474243,3.813695457210997e-07
585001,1.0,2.778741418296704e-06,2.022314937732972e-08
586001,1.0,0.0001542642421554774,7.187665573837876e-09
587001,1.0,0.06366351991891861,2.7092882604051738e-08
588001,1.0,-0.00018152610573451966,6.182696132839283e-09
589001,1.0,-0.0001220916019519791,4.179359081035727e-09
590001,1.0,-2.5183277102769352e-05,3.221202149461533e-08
591001,1.0,0.00013241237320471555,7.056071282818266e-09
592001,1.0,0.0001887374819489196,3.6288816396279344e-09
593001,1.0,2.2346403056872077e-05,1.1693053636463446e-08
594001,1.0,2.235454485344235e-05,1.9896287284382197e-08
595001,1.0,4.2839033994823694e-05,1.0794782845380269e-08
596001,1.0,4.613257260643877e-05,3.979570237788721e-07
597001,1.0,-0.0001441221102140844,1.1247178690609871e-06
598001,1.0,1.9325367247802205e-05,2.9050238481431734e-07
599001,1.0,-3.4802145819412544e-05,4.217095650460578e-08
600001,1.0,0.036290645599365234,3.474609044928911e-08
601001,1.0,-9.022192534757778e-05,1.6679591041679487e-08
602001,1.0,-9.078890434466302e-05,2.8038966704002632e-08
603001,1.0,0.00017115636728703976,7.74124853109015e-09
604001,1.0,-1.662907379795797e-05,1.624508527697799e-08
605001,1.0,0.00014925867435522377,3.329530073870046e-08
606001,1.0,-7.905514939920977e-05,5.652038836956308e-08
607001,1.0,-0.00017503178969491273,1.716390229944409e-08
608001,1.0,-0.0002850746095646173,5.813624248673932e-09
609001,1.0,0.061829518526792526,2.7911745803521626e-08
610001,1.0,-0.00039050212944857776,4.563895039666477e-09
611001,1.0,-0.00033066465402953327,5.760014332167884e-08
612001,1.0,0.00032041853410191834,4.3318038045470075e-09
613001,1.0,0.06013891473412514,2.6000989805652353e-08
614001,1.0,0.04896719381213188,1.8276946178730213e-08
615001,1.0,-0.0027608450036495924,1.1921797771208276e-08
616001,1.0,0.03576459735631943,1.944542660226034e-08
617001,1.0,0.04031051695346832,1.728808598500109e-07
618001,1.0,0.04918195307254791,1.7839167298916436e-07
619001,1.0,0.01576906442642212,1.9594087063978805e-07
620001,1.0,-0.14833253622055054,5.350889864530473e-07
621001,1.0,-0.08115840703248978,3.1578093739881297e-07
622001,1.0,-0.1242503747344017,4.981749839316763e-07
623001,1.0,0.0011030591558665037,2.500558871076919e-08
624001,1.0,-0.07894109189510345,3.3991523196164053e-07
625001,1.0,-0.07120474427938461,2.7719204354070826e-07
626001,1.0,0.10514424741268158,1.3986245051000878e-07
627001,1.0,-0.00021555213606916368,2.012188282662919e-08
628001,1.0,2.1047086192993447e-05,3.4376923530032855e-09
629001,1.0,-0.20079787075519562,1.57947425805105e-07
630001,1.0,-9.984626558434684e-06,7.743397922865825e-09
631001,1.0,-0.05469609797000885,3.988022356793408e-08
632001,1.0,-0.13322791457176208,1.4533334535826725e-07
633001,1.0,-5.942973803030327e-05,5.424276849907983e-08
634001,1.0,1.83125684998231e-05,2.8880332791914043e-08
635001,1.0,7.379094313364476e-05,4.628998961919706e-09
636001,1.0,0.09487175941467285,2.0328455718754412e-07
637001,1.0,0.052972789853811264,2.802904646159732e-07
638001,1.0,-0.12679798901081085,3.141319098176609e-07
639001,0.9819819927215576,-0.16606955230236053,0.0010659547988325357
640001,1.0,-0.0025368575006723404,1.2521902135631535e-05
641001,1.0,-0.01671542227268219,1.7530855984659865e-05
642001,1.0,0.0013893417781218886,1.483996857132297e-05
643001,1.0,-0.007302106358110905,1.0723377272370271e-05
644001,0.9819819927215576,-0.18459445238113403,0.003850613720715046
645001,1.0,0.0008876316715031862,4.135591007070616e-05
646001,1.0,-0.00794936902821064,4.9758189561543986e-05
647001,1.0,-0.04047040268778801,1.4930504221410956e-05
648001,1.0,8.724743383936584e-05,4.132747562834993e-06
649001,1.0,-0.0033401912078261375,4.1520233935443684e-06
650001,1.0,-0.0019168819999322295,2.2475317109638127e-06
651001,1.0,-0.07337618619203568,4.0825029827828985e-06
652001,1.0,0.0073895701207220554,1.717475811346958e-06
653001,1.0,-0.043209921568632126,1.9314886685606325e-06
654001,1.0,-0.04055226966738701,1.0471526366018225e-06
655001,1.0,9.837742254603654e-05,4.852396386922919e-07
656001,1.0,-0.0887131616473198,2.0014358597109094e-06
657001,1.0,-4.517784691415727e-05,1.6392075963267416e-07
658001,1.0,-5.917222733842209e-05,2.1858238596905721e-07
659001,1.0,-0.14879006147384644,1.4886786630086135e-06
660001,1.0,9.254199540009722e-05,7.880030494789025e-08
661001,1.0,0.00018121606262866408,2.9431355130782322e-08
662001,1.0,0.00015424072626046836,1.7510178196289417e-08
663001,1.0,7.29052844690159e-05,1.5627946936547232e-08
664001,1.0,-2.889840106945485e-05,2.1517960746564313e-08
665001,1.0,-0.00017546401068102568,5.501166189247897e-09
666001,1.0,-0.0001573611079948023,6.276016595307965e-09
667001,1.0,-8.502772834617645e-05,8.634997716860937e-10
668001,1.0,-0.060058802366256714,6.60574128730218e-09
669001,1.0,1.8538845324655995e-05,2.2382360409523017e-09
670001,1.0,7.836001896066591e-05,2.5268669379130415e-09
671001,1.0,-1.6078602129709907e-05,6.426208898346886e-09
672001,1.0,-5.443195914267562e-05,3.453827002175558e-09
673001,1.0,-2.0007699276902713e-05,4.569734812776005e-09
674001,1.0,3.562950587365776e-05,4.0561637604241696e-08
675001,1.0,3.8917147321626544e-05,4.925974628200436e-10
676001,1.0,-0.08727843314409256,4.494649097352976e-09
677001,1.0,0.17372769117355347,6.825879239613641e-08
678001,1.0,-0.10168801993131638,4.939155218153246e-08
679001,1.0,-3.4223216061946005e-05,1.2992539488720922e-08
680001,1.0,-0.00022498273756355047,9.524171673547244e-09
681001,1.0,-0.000272058678092435,3.077395449579967e-09
682001,1.0,-0.0003543295315466821,8.438024168277991e-10
683001,1.0,0.0840102955698967,5.163891003689969e-08
684001,1.0,0.0710439532995224,5.573864569896614e-08
685001,1.0,0.043965261429548264,2.638902252272146e-08
686001,1.0,0.08850589394569397,1.0190453281211376e-07
687001,1.0,0.05086977034807205,8.358237835182081e-08
688001,1.0,0.015656543895602226,9.214130614054739e-08
689001,1.0,-0.03955235704779625,2.4096651785043832e-08
690001,1.0,-0.0017553102225065231,6.7957897087467245e-09
691001,1.0,-0.07220093905925751,3.6641031897488574e-07
692001,1.0,-0.014492015354335308,1.2653254444217055e-08
693001,1.0,-0.0523766428232193,7.35037541943484e-09
694001,1.0,-0.05957549065351486,2.2323806803115076e-08
695001,1.0,6.915892299730331e-05,8.577239363205535e-09
696001,1.0,-0.05062894523143768,6.6719052504993215e-09
697001,1.0,0.0006275547784753144,1.7678649655294976e-09
698001,1.0,-0.02310669608414173,6.755548156434088e-07
699001,1.0,-0.0006183804362080991,3.150016425479407e-08
700001,1.0,-0.0011111614294350147,2.7958730441923763e-08
701001,1.0,-0.015315327793359756,6.014029167999979e-07
702001,1.0,-0.03518547862768173,1.0933313205896411e-06
703001,1.0,0.0005241334438323975,3.616653998506081e-08
704001,1.0,9.986633085645735e-05,1.0668176031458643e-07
705001,1.0,0.0037004558835178614,6.560318155379719e-08
706001,1.0,0.0022049846593290567,1.1283255219041166e-08
707001,1.0,0.0015477691777050495,4.079534932088791e-09
708001,1.0,-0.00021192486747168005,4.011293075478761e-09
709001,1.0,0.0024250331334769726,3.2176072917167176e-09
710001,1.0,0.015571295283734798,9.944150392016127e-09
711001,1.0,0.0158223956823349,8.453816313647167e-09
712001,1.0,-0.03769681230187416,4.3827887452607683e-07
713001,1.0,0.003402348142117262,5.811097381069885e-09
714001,1.0,0.00841287337243557,9.881867768513075e-09
715001,1.0,-0.04630288481712341,4.179556185590627e-07
716001,1.0,-0.05036676675081253,3.8533181623279233e-07
717001,1.0,0.0008338206098414958,6.584286893485114e-09
718001,1.0,-0.016984155401587486,8.652975225231785e-09
719001,1.0,-0.02827445976436138,2.8729560952456268e-09
720001,1.0,-0.014536760747432709,1.0349000767462257e-08
721001,1.0,0.05104878917336464,2.6446696210769005e-07
722001,1.0,-0.0004223392461426556,4.839611023044199e-08
723001,1.0,-0.00016169414448086172,5.5507985763370016e-08
724001,1.0,9.857202530838549e-05,3.129254855238628e-09
725001,1.0,9.176156163448468e-05,6.5448011454805055e-09
726001,1.0,0.00018118656589649618,9.668809042295834e-08
727001,1.0,-2.227357981610112e-06,6.601651136861619e-08
728001,1.0,1.8550925233284943e-05,4.924847019083245e-08
729001,1.0,-1.9883351342286915e-05,8.36857125818824e-08
730001,1.0,2.087731809297111e-05,5.027688132486219e-08
731001,1.0,-1.5304360204027034e-05,2.7425686610627054e-08
732001,1.0,1.107930984289851e-05,6.411517006199574e-08
733001,1.0,-1.3824745110468939e-05,1.2088489320660756e-08
734001,1.0,3.313968591101002e-06,1.9583847876702976e-09
735001,1.0,-1.0346320777898654e-05,3.801300163530641e-09
736001,1.0,1.5894969692453742e-05,8.698599174294941e-09
737001,1.0,1.0576879503787495e-05,2.862559744798432e-09
738001,1.0,2.16578791878419e-06,1.7279491171251493e-09
739001,1.0,1.32967682020535e-06,1.2109781621916227e-08
740001,1.0,-5.622999651677674e-06,7.420653869161242e-09
741001,1.0,1.2709131624433212e-05,1.0401189243225417e-08
742001,1.0,0.2128196805715561,2.637078466705134e-07
743001,1.0,-1.610909566807095e-05,5.795776747419268e-09
744001,1.0,1.663399234530516e-05,5.697801043424988e-06
745001,1.0,2.0870884327450767e-05,8.141347507262253e-07
746001,1.0,1.410573622706579e-05,1.3348874006169353e-07
747001,1.0,-9.252324161934666e-06,3.843263840508371e-08
748001,1.0,6.076180852687685e-06,1.0356471236150355e-08
749001,1.0,-1.9945991525105455e-08,1.6653910250852277e-08
750001,1.0,-1.5538103980361484e-05,2.3607309884710048e-08
751001,1.0,-4.584372618410271e-06,8.633601389362866e-09
752001,1.0,1.503552539361408e-05,9.07898911606253e-09
753001,1.0,1.8428107068757527e-05,3.9259795414636756e-09
754001,1.0,1.8043153886537766e-06,6.460231016802709e-09
755001,1.0,8.54107020131778e-06,4.189578461932797e-09
756001,1.0,2.2464306312031113e-05,2.1978672215539063e-09
757001,1.0,-5.156956603968865e-07,2.560817113916869e-09
758001,1.0,7.383460342680337e-06,1.6454505313845402e-08
759001,1.0,-2.680018042156007e-05,1.4676600379459614e-08
760001,1.0,1.0450821719132364e-05,3.465464715191047e-08
761001,1.0,2.6256293494952843e-05,1.3192314796128812e-08
762001,1.0,4.940929102303926e-06,8.454378530586837e-09
763001,1.0,1.7413467503502034e-05,5.9068137048257086e-09
764001,1.0,4.613579221768305e-05,1.8041560467807471e-09
765001,1.0,1.4307026503956877e-05,3.3658327236452124e-09
766001,1.0,-3.8163354474818334e-05,4.189946722910065e-10
767001,1.0,1.010248888633214e-05,6.092537585544733e-10
768001,1.0,2.1399549950729124e-05,4.048584134608291e-09
769001,1.0,2.38158486354223e-06,1.784521153069818e-08
770001,1.0,3.208778878160956e-07,1.024292828333273e-08
771001,1.0,2.2317188268061727e-05,1.9244653870487127e-08
772001,1.0,-4.158253886998864e-06,1.245358038914901e-09
773001,1.0,1.0412552910565864e-05,2.4315751634418348e-09
774001,1.0,0.04093127325177193,2.1767267810446356e-07
775001,1.0,0.06541942805051804,3.436062101513926e-09
776001,1.0,-2.2602178432862274e-05,5.439352790403973e-08
777001,1.0,-1.56299884110922e-05,2.388541631148655e-08
778001,1.0,8.16842948552221e-05,5.785519618939361e-09
779001,1.0,5.6884098739828914e-05,2.2827951084991582e-08
780001,1.0,3.402687798370607e-05,6.714007838581892e-08
781001,1.0,4.626552981790155e-05,2.4392587505417396e-08
782001,1.0,1.4728235555594438e-06,5.9066358915060846e-08
783001,1.0,-6.757457867934136e-06,7.990681893943474e-08
784001,1.0,0.00010208335879724473,1.140968652890706e-08
785001,1.0,0.02582698129117489,6.650925570284016e-07
786001,1.0,-0.00013101611693855375,2.334469257903038e-07
787001,1.0,-3.5305383789818734e-06,1.920910008834653e-08
788001,1.0,0.02074432000517845,3.753261239580752e-07
789001,1.0,-5.211396637605503e-05,1.5834702082884178e-07
790001,1.0,-0.0003304131096228957,8.463856282503457e-09
791001,1.0,-0.00022700695262756199,5.890009191489298e-08
792001,1.0,-0.0020218349527567625,1.5808284103968617e-07
793001,1.0,-0.00812889076769352,2.724462717651477e-07
794001,1.0,-0.02283148653805256,9.962226386051043e-07
795001,1.0,-0.016618380323052406,1.5423374577494542e-07
796001,1.0,0.00012081772729288787,8.639401016807824e-08
797001,1.0,-0.025345129892230034,1.3313608349108108e-07
798001,1.0,-0.02950001135468483,1.0816268058988499e-07
799001,1.0,0.00022951139544602484,1.3507299279069684e-08
800001,1.0,0.00017089603352360427,4.119246721501213e-09
801001,1.0,-3.5286630009068176e-05,3.3083431549840725e-09
802001,1.0,3.333793210913427e-05,2.922074360256488e-09
803001,1.0,2.7278581910650246e-05,4.223030369843173e-09
804001,1.0,-2.678665805433411e-05,4.725546176587159e-09
805001,1.0,-0.07677030563354492,1.16285278295436e-07
806001,1.0,9.414748092240188e-07,1.6229021682079292e-08
807001,1.0,1.1150667887704913e-05,8.223511316352017e-10
808001,1.0,3.864874815917574e-05,1.1486862128151643e-08
809001,1.0,1.651783531997353e-05,1.870109400670117e-08
810001,1.0,-2.1871577700949274e-05,6.802285401619201e-10
811001,1.0,-5.659687758452492e-06,6.7727672359296776e-09
812001,1.0,-4.1602837086429645e-07,7.887083874891232e-09
813001,1.0,7.825446118658874e-06,4.005125120443154e-09
814001,1.0,5.848036721545213e-07,2.0601120809260465e-09
815001,1.0,-1.1221328350075055e-05,3.380728363922003e-09
816001,1.0,-1.9522669390426017e-05,4.275563014743966e-09
817001,1.0,1.435742979083443e-05,2.8216582403928214e-09
818001,1.0,2.0620034774765372e-05,2.018819111881953e-09
819001,1.0,4.867102688876912e-06,1.586520070873121e-08
820001,1.0,1.065622109308606e-05,2.3216410127702147e-08
821001,1.0,4.823635663342429e-06,4.2757893226053056e-08
822001,1.0,-4.389437435747823e-06,8.536773066225578e-07
823001,1.0,-3.8128277992655057e-06,4.781823648158934e-08
824001,1.0,-4.779428195433866e-07,9.908099229960499e-09
825001,1.0,-1.281979803025024e-05,3.1099809394419253e-09
826001,1.0,-2.7975186185358325e-06,1.8515742272739999e-09
827001,1.0,2.5114220989053138e-05,5.164557670411796e-09
828001,1.0,2.569554271758534e-05,3.2947298223007238e-09
829001,1.0,-9.924592632160056e-06,2.7919055956004968e-09
830001,1.0,-7.377553174592322e-06,3.5259837272150207e-09
831001,1.0,-1.0229593499389011e-05,6.326522417055003e-09
832001,1.0,-7.46548403185443e-06,1.167556717973639e-09
833001,1.0,-2.418320718788891e-06,2.613389726846549e-09
834001,1.0,5.310544111125637e-06,4.550607890507763e-09
835001,1.0,9.303142178396229e-06,3.6492389110520662e-09
836001,1.0,1.371600228594616e-05,2.267879661843608e-09
837001,1.0,-3.696016392495949e-06,1.2409437033511495e-08
838001,1.0,-5.019874606659869e-06,1.6253783874375927e-09
839001,1.0,-1.964687044164748e-06,5.960626436873895e-10
840001,1.0,-7.626980504937819e-07,1.0936571648301197e-09
841001,1.0,9.337599294667598e-06,4.068927417222312e-09
842001,1.0,1.316186990152346e-05,3.190008257547561e-08
843001,1.0,1.7232479194717598e-06,4.562573874267173e-09
844001,1.0,-3.7633815281878924e-06,4.70389238671487e-09
845001,1.0,1.354438154521631e-05,5.650910850363289e-09
846001,1.0,-0.23634424805641174,2.3303996954382455e-07
847001,1.0,-1.4931566511222627e-05,1.990548526009661e-08
848001,1.0,8.082265594566707e-06,2.0204922179800633e-07
849001,1.0,-4.3981577846352593e-07,1.7538269503347692e-07
850001,1.0,-3.7071420138090616e-06,1.4443357088111952e-07
851001,1.0,3.906454367097467e-06,1.5982125489699683e-07
852001,1.0,1.9742865333682857e-05,1.9703653819647116e-08
853001,1.0,1.2109498129575513e-05,7.635535581584918e-08
854001,1.0,-2.9044293114566244e-05,5.388152146679204e-08
855001,1.0,-2.357067023694981e-05,1.1800020516261611e-08
856001,1.0,6.611981916648801e-06,1.9411910301414537e-08
857001,1.0,1.3182472685002722e-05,7.23812210168262e-09
858001,1.0,-5.062333457317436e-06,2.69234607941371e-08
859001,1.0,0.1499020904302597,1.894371450816834e-07
860001,1.0,-2.2541911675943993e-05,7.231203635882366e-09
861001,1.0,0.008970867842435837,1.7170010968570182e-09
862001,1.0,-3.645500328275375e-06,7.676166369208204e-09
863001,1.0,4.6156059397617355e-05,2.51007725715624e-09
864001,1.0,-3.254538751207292e-05,5.497312827174028e-08
865001,1.0,5.719087494071573e-05,4.2123648569258876e-08
866001,1.0,5.425160634331405e-05,3.4189856279454034e-08
867001,1.0,-9.596907329978421e-05,1.628835732958578e-08
868001,1.0,-2.0066705474164337e-05,1.0797536731388391e-07
869001,1.0,-4.9010253860615194e-05,8.200961687521158e-09
870001,1.0,0.00012555878493003547,8.916049565321771e-10
871001,1.0,0.08772146701812744,1.5431139388510928e-07
872001,1.0,-0.0005416025524027646,8.111909366448344e-09
873001,1.0,-0.000707185419742018,2.7063867591436974e-08
874001,1.0,0.10531949996948242,2.0989173776797543e-07
875001,1.0,0.04901237040758133,1.7171269917071186e-07
876001,1.0,0.07495442777872086,2.129040268528115e-07
877001,1.0,0.03357284888625145,2.948884514353267e-07
878001,1.0,-0.21009019017219543,5.792384740743728e-07
879001,1.0,-0.05875464901328087,5.514204204359885e-08
880001,1.0,-0.0004821636830456555,5.1393591604664834e-08
881001,1.0,-0.00600771838799119,1.735733690111374e-08
882001,1.0,-0.01955464482307434,2.8752351610705773e-08
883001,1.0,-0.016377171501517296,1.3962362821473562e-08
884001,1.0,-0.010127829387784004,5.587559304132128e-09
885001,1.0,-0.1414421945810318,4.608132542216481e-08
886001,1.0,-0.03230329230427742,1.0420177609660186e-08
887001,1.0,-0.07353340089321136,3.8212462527553726e-07
888001,1.0,0.0005261655314825475,2.6826216981135076e-06
889001,1.0,-0.0009632735163904727,3.67482016372378e-07
890001,1.0,-1.2883633644378278e-05,8.944296858715006e-09
891001,1.0,-0.12524335086345673,4.19428943132516e-07
892001,1.0,-0.00018520891899242997,4.5871253462337336e-08
893001,1.0,-0.00023097783559933305,7.253015077424152e-09
894001,1.0,9.11461902433075e-05,6.0191589490443675e-09
895001,1.0,8.779284689808264e-05,3.1267082256647427e-09
896001,1.0,-9.050491826201323e-06,1.6064491958900362e-09
897001,1.0,-3.33583629981149e-05,1.0431343566708051e-09
898001,1.0,-5.3556475904770195e-05,8.672972895418241e-10
899001,1.0,-6.148814281914383e-05,5.1059290129273904e-09
900001,1.0,-3.922092218999751e-05,5.120575963246665e-09
901001,1.0,1.2716604032902978e-05,5.200064823185357e-10
902001,1.0,1.8987246221513487e-05,9.434301340149887e-09
903001,1.0,8.919661013351288e-06,1.0540891492993865e-09
904001,1.0,-3.945428761653602e-05,5.185990525902184e-10
905001,1.0,-1.208116373163648e-05,1.6551651160767733e-09
906001,1.0,1.4815153008385096e-05,2.702412460475756e-10
907001,1.0,3.4595519537106156e-05,3.0617621771256154e-09
908001,1.0,-1.7827282135840505e-05,2.4127120301642435e-09
909001,1.0,-3.325956640765071e-05,6.939921970428031e-10
910001,1.0,-1.557789437356405e-05,7.911934440940627e-10
911001,1.0,-7.189297321019694e-06,6.195038371181738e-10
912001,1.0,6.0970496633672155e-06,1.913112157581054e-08
913001,1.0,-2.3853244783822447e-06,3.292967232226829e-09
914001,1.0,-1.5698695278842933e-05,7.500410958982684e-09
915001,1.0,1.0631426448526327e-05,1.2199578014460144e-09
916001,1.0,2.5900772016029805e-06,1.942573435442796e-09
917001,1.0,-1.676244573900476e-05,2.5741830889103312e-09
918001,1.0,2.9411958166747354e-06,1.942107985541952e-08
919001,1.0,2.6179175620200112e-05,4.5425066486082244e-10
920001,1.0,-1.3962991943117231e-05,8.107922666589218e-10
921001,1.0,-6.146611895019305e-07,2.684903410710149e-09
922001,1.0,-3.522068800521083e-05,1.726990817019214e-08
923001,1.0,-2.333653128516744e-06,1.7349464087601518e-09
924001,0.9819819927215576,-0.21216003596782684,0.0008358557824976742
925001,1.0,6.4059277065098286e-06,4.567801170196617e-06
926001,1.0,-1.0757770724012516e-05,8.031405741348863e-06
927001,1.0,-4.773687578563113e-06,2.4551450223952997e-06
928001,1.0,-4.908537448500283e-06,9.179226481137448e-07
929001,1.0,5.13228178533609e-06,5.551456752073136e-07
930001,1.0,-2.742172910075169e-06,4.776794071403856e-07
931001,1.0,-9.442943564863526e-07,2.7963858428847743e-07
932001,1.0,-1.966122454177821e-06,1.9988968347206537e-07
933001,1.0,2.029623829002958e-06,1.1650109854599577e-07
934001,1.0,2.8928695883223554e-06,1.3703080981031235e-07
935001,1.0,5.023554422223242e-06,2.8788147687919263e-07
936001,1.0,4.104836079932284e-06,1.9381234395154934e-08
937001,1.0,-2.6775353489938425e-06,8.21609180690075e-09
938001,1.0,-1.4651956234956742e-06,8.061330269981681e-09
939001,1.0,1.0007086075347615e-06,1.1602539373711807e-08
940001,1.0,2.199967866545194e-06,1.0103893721691293e-08
941001,1.0,3.814882632013905e-07,5.279565229443506e-08
942001,1.0,8.287944979201711e-07,3.082318755787128e-08
943001,1.0,-1.6694693840690888e-06,2.354164418960636e-09
944001,1.0,-4.56363204648369e-06,5.362549071463718e-09
945001,1.0,-5.124813924339833e-06,8.60865156937507e-09
946001,1.0,-2.147083705494879e-06,4.960986643709475e-08
947001,1.0,-2.031980557148927e-06,1.4720363816778104e-09
948001,1.0,-2.443128323648125e-06,2.819927180652826e-09
949001,1.0,1.0822947160704643e-06,1.1618265460811017e-08
950001,1.0,-6.570080586243421e-07,1.4182006680130144e-09
951001,1.0,7.133231974876253e-06,3.522368530184394e-08
952001,1.0,1.6401415905420436e-06,4.9657957745807835e-09
953001,1.0,2.154021558453678e-06,1.921168291119102e-08
954001,1.0,7.988151082827244e-07,1.2140556115980417e-08
955001,1.0,-9.547039780954947e-07,1.8222614528440317e-08
956001,1.0,-1.0722063734647236e-06,2.406005616961693e-09
957001,1.0,-0.1283879578113556,3.668304326964744e-09
958001,1.0,-1.0088967883348232e-06,1.193253851283771e-08
959001,1.0,-3.5089402672383585e-07,5.1476463092114955e-09
960001,1.0,-1.8810667370416922e-06,1.0709621989235529e-07
961001,1.0,3.7637221339537064e-06,4.605005443636401e-08
962001,1.0,-1.5416206906593288e-06,4.7722544138650846e-08
963001,1.0,-3.7701202018070035e-06,1.0614955137100424e-08
964001,1.0,-2.8143888357590185e-06,3.450067964649861e-08
965001,1.0,-1.2413754575391067e-06,4.771349040311179e-07
966001,1.0,-6.933032068445755e-07,1.7568966725889368e-08
967001,1.0,2.4641585696372204e-06,1.2593762477308701e-08
968001,1.0,1.7463607946410775e-06,1.4161133377044166e-09
969001,1.0,-9.495091148892243e-07,3.993299468874056e-09
970001,1.0,6.486578513431596e-06,5.5309904212208494e-08
971001,1.0,6.511020728794392e-06,2.155573497475416e-08
972001,1.0,4.2066723437983455e-08,2.758668244950968e-07
973001,1.0,1.4758583120055846e-06,1.4275732951318787e-07
974001,1.0,-2.1618925529764965e-06,7.64185159596309e-09
975001,1.0,1.6011495063139591e-06,2.067219284640487e-09
976001,1.0,-3.926135832443833e-06,1.7916049088739783e-08
977001,1.0,-6.350776402541669e-06,1.1184284609555561e-09
978001,1.0,-2.538248054406722e-06,1.9645363114051406e-09
979001,1.0,-6.908309387654299e-06,3.8123832268865954e-07
980001,1.0,3.2514562917640433e-06,1.5643114181784767e-07
981001,1.0,-4.0714422766541247e-07,1.1290040191624939e-07
982001,1.0,5.242996849119663e-06,3.49788678022378e-08
983001,1.0,-4.503382569964742e-06,1.973171350755365e-07
984001,1.0,-1.3624447092297487e-05,1.8827595482662218e-08
985001,1.0,1.270013854082208e-07,4.625737659580409e-08
986001,1.0,-2.504614258214133e-06,7.149363767666728e-08
987001,1.0,-4.819812147616176e-06,6.756218695613825e-09
988001,1.0,-2.0968300304957666e-06,5.579855510973175e-08
989001,1.0,1.5325181266234722e-06,5.627755150783287e-09
990001,1.0,5.624133336823434e-06,4.053399393910695e-08
991001,1.0,9.850694368651602e-06,9.964022495978497e-08
992001,1.0,-1.2350545830486226e-06,2.0052488025612547e-07
993001,1.0,-2.700246795939165e-06,1.5358327942749384e-08
994001,1.0,-1.378674028273963e-06,1.2585239517193259e-08
995001,1.0,-3.752631073439261e-06,1.5848327095113746e-08
996001,1.0,-5.53765676158946e-06,5.297111638213892e-09
997001,1.0,-5.706380306946812e-06,2.885886551950989e-08
998001,1.0,1.3274883485792088e-06,6.912847627660312e-09
999001,1.0,6.649028819083469e-06,1.48150058887353e-09
